Id,Icon,Name_DE,Name_EN,Name_PRT,Name_ESP,Calories_a_100g,Weight_per_piece,GroupId,Fat_a_100g,Saturated_fat_a_100g,Carbohydrates_a_100g,Sugar_a_100g,Salt_a_100g,Protein_a_100g,Fiber_a_100g,Name_ID,Name_NL,Name_SE,Name_DK,Name_NO,Name_MS,Genus_DE,Genus_EN,Genus_ESP,Genus_PRT,Genus_ID,Genus_MS,Genus_NL,Genus_SE,Genus_DK,Genus_NO,is_liquid,is_hard,is_soft,is_fat
1,NULL,Zucker,Sugar,Açúcar,Azúcar,400,0,8,0.00,0.00,100.00,100.00,0.00,0.00,0.00,Gula,Suiker,Socker,Sukker,Sukker,Gula,M,-,M,M,-,-,DE,EN,EN,EN,0,1,0,0
2,🍜,Pasta,Pasta,Massa,Pasta,357,0,8,1.50,0.30,73.00,3.50,0.01,12.50,3.00,Pasta,Pasta,Pasta,Pasta,Pasta,Pasta,F,-,F,F,-,-,DE,EN,EN,EN,0,1,0,0
3,🍚,Reis,Rice,Arroz,Arroz,350,0,8,0.60,0.30,78.00,0.30,0.01,7.40,1.40,Beras,Rijst,Ris,Ris,Ris,Beras,M,-,M,M,-,-,DE,EN,EN,EN,0,1,0,0
4,🥬,Salat,Lettuce,Alface,Lechuga,14,250,2,0.20,0.00,1.60,1.60,0.01,1.20,1.80,Selada,Sla,Sallad,Salat,Salat,Salad,M,-,F,M,-,-,DE,EN,ET,ET,0,1,0,0
5,NULL,Mehl,Flour,Farinha,Harina,348,0,8,1.00,0.10,72.00,0.70,0.01,10.50,2.80,Tepung,Bloem,Mjöl,Mel,Mel,Tepung,N,-,F,F,-,-,DE,EN,EN,EN,0,1,0,0
6,🦐,Garnelen,Shrimp,Camarão,Gambas,85,0,6,0.50,0.10,0.00,0.00,0.40,20.00,0.00,Zaitun,Garnalen,Räkor,Rejer,Reker,Udang,F,-,F,M,-,-,PL,EN,EN,EN,0,1,0,0
7,NULL,Basilikum (frisch),Basil,Manjericão (Fresco),Albahaca (Fresca),23,30,5,0.60,0.10,2.70,0.30,0.01,3.20,1.60,Mentega,Basilicum (vers),Basilika (färsk,Basilikum (frisk),Basilikum (frisk),Selasih (segar),PL,-,M,M,-,-,DE,EN,EN,EN,0,1,0,0
8,NULL,Basilikum (getrocknet),Dried Basil,Manjericão seco,Albahaca seca,233,2,5,4.10,2.20,48.00,1.70,0.08,23.00,37.00,Minyak,Basilicum (gedroogd),Basilika (torkad,Basilikum (tørret),Basilikum (tørket),Selasih (kering),N,-,F,M,-,-,DE,EN,EN,EN,0,1,0,0
9,🍋,Zitronensaft,Lemon juice,Sumo de limão,Zumo de limón,29,5,5,0.30,0.10,7.00,2.50,0.01,0.40,0.40,Susu,Citroensap,Citronsaft,Citronsaft,Sitronsaft,Jus lemon,M,-,M,M,-,-,DE,ET,ET,ET,1,0,0,0
10,🍶,Olivenöl,Olive oil,Azeite (de oliva),Aceite de oliva,884,5,7,100.00,14.00,0.00,0.00,0.00,0.00,0.00,Telur,Olijfolie,Olivolja,Olivenolie,Olivenolje,Minyak zaitun,N,-,F,M,-,-,DE,EN,EN,EN,0,1,0,1
11,🧅,Zwiebeln,Onion,Cebola,Cebolla,40,100,2,0.20,0.00,7.90,4.20,0.01,1.20,1.70,Daging sapi,Uien,Lök,Løg,Løk,Bawang besar,F,-,F,F,-,-,PL,EN,EN,EN,0,1,0,0
12,🧅,Zwiebeln (rot),Red onion,Cebola roxa,Cebolla roja,42,100,2,0.10,0.00,9.30,4.20,0.01,1.10,1.70,Daging babi,Rode uien,Rödlök,Rødløg,Rødløk,Bawang merah,F,-,F,F,-,-,PL,EN,EN,EN,0,1,0,0
13,🍃,Lorbeerblätter (getrocknet),Bay leaf,Louro,Laurel,0,0,5,0.00,0.00,0.00,0.00,0.00,0.00,0.00,Daging ayam,Laurierblaadjes (gedroogd),Lagerblad (torkade,Laurbærblade (tørrede),Laurbærblad (tørket),Daun salam (kering),F,-,M,M,-,-,DE,EN,EN,EN,0,1,0,0
14,🍅,Tomatenmark,Tomato paste,Extrato de tomate,Concentrado de tomate,77,10,5,0.50,0.10,14.00,10.00,0.10,4.00,2.50,Bawang,Tomatenpuree,Tomatpuré,Tomatkoncentrat,Tomatpuré,Pes tomato,N,-,M,M,-,-,DE,EN,ET,EN,0,0,1,0
15,🥕,Karotten,Carrot,Cenoura,Zanahoria,41,90,2,0.20,0.00,10.00,4.70,0.10,0.90,2.80,Bawang putih,Wortelen,Morötter,Gulerødder,Gulrøtter,Lobak merah,F,-,F,F,-,-,PL,EN,EN,EN,0,1,0,0
16,NULL,Honig,Honey,Mel,Miel,304,10,7,0.00,0.00,82.00,82.00,0.01,0.30,0.20,Kentang,Honing,Honung,Honning,Honning,Madu,N,-,M,M,-,-,DE,EN,EN,EN,0,0,1,0
17,NULL,Petersilie (frisch),Parsley,Salsa,Perejil,36,40,5,0.80,0.10,6.30,0.90,0.03,3.00,3.30,Wortel,Peterselie (vers),Persilja (färsk,Persille (frisk),Persille (frisk),Pasli (segar),F,-,M,F,-,-,DE,EN,EN,EN,0,1,0,0
18,NULL,Petersilie (getrocknet),Dried parsley,Salsa seca,Perejil seco,0,0,5,0.00,0.00,0.00,0.00,0.00,0.00,0.00,Paprika,Peterselie (gedroogd),Persilja (torkad,Persille (tørret),Persille (tørket),Pasli (kering),F,-,M,F,-,-,DE,EN,EN,EN,0,1,0,0
19,NULL,Feta,Feta cheese,Queijo Feta,Queso Feta,264,0,3,21.30,14.90,0.70,0.70,2.50,14.20,0.00,Zucchini,Feta,Fetaost,Feta,Fetaost,Keju Feta,M,-,F,F,-,-,DE,ET,EN,ET,0,1,0,0
20,🥔,Kartoffeln,Potato,Batata,Patata,73,90,2,0.10,0.00,15.50,0.80,0.01,2.00,2.10,Tomat,Aardappelen,Potatis,Kartofler,Poteter,Kentang,F,-,F,F,-,-,PL,EN,EN,EN,0,1,0,0
21,🍎,Apfel,Apple,Maçã,Manzana,54,150,4,0.20,0.10,14.00,10.00,0.01,0.30,2.40,Tomat ceri,Appel,Äpple,Æble,Eple,Epal,M,-,F,M,-,-,DE,EN,EN,EN,0,1,0,0
22,🍗,Hähnchenbrustfilet,Chicken breast,Peito de frango,Pechuga de pollo,106,180,1,1.20,0.40,0.00,0.00,0.15,23.10,0.00,Timun,Kipfilet,Kycklingbröstfilé,Kyllingebrystfilet,Kyllingbrystfilet,Isi dada ayam,N,-,M,M,-,-,DE,EN,ET,ET,0,1,0,0
23,🍗,Ganzes Hähnchen,Whole Chicken,Frango inteiro,Pollo entero,215,1300,1,15.00,4.30,0.00,0.00,0.15,19.00,0.00,Jamur,Hele kip,Hel kyckling,Hel kylling,Hel kylling,Ayam bulat,N,-,M,M,-,-,DE,EN,EN,EN,0,1,0,0
24,🍗,Hähnchenschenkel,Chicken leg,Coxa e sobrecoxa de frango,Trasero de pollo,214,250,1,15.50,4.40,0.00,0.00,0.20,17.50,0.00,Brokoli,Kippenpoten,Kycklinglår,Kyllingelår,Kyllinglår,Peha ayam,N,-,M,M,-,-,PL,EN,EN,EN,0,1,0,0
25,🍗,Hähnchenflügel,Chicken wings,Asas de frango,Asas de frango,222,45,1,16.00,4.50,0.00,0.00,0.20,18.30,0.00,Kembang kol,Kippenvleugels,Kycklingvingar,Kyllingevinger,Kyllingvinger,Kepak ayam,N,-,M,M,-,-,DE,EN,EN,EN,0,1,0,0
26,NULL,Hokkaido,Hokkaido pumpkin,Abóbora Hokkaido,Calabaza Hokkaido,63,500,2,0.50,0.10,14.50,5.50,0.01,1.70,2.50,Bayam,Hokkaido pompoen,Hokkaido-pumpa,Hokkaido-græskar,Hokkaido-gresskar,Labu Hokkaido,M,-,M,M,-,-,PL,EN,EN,EN,0,1,0,0
27,NULL,Butter,Butter," Manteiga",Mantequilla,742,5,3,82.00,53.00,0.60,0.60,0.02,0.70,0.00,Kacang polong,Boter,Smör,Smør,Smør,Mentega,F,-,F,F,-,-,DE,EN,EN,EN,0,1,0,1
28,🍾,Weiswein (trocken),White wine," Vinho branco",Vino blanco,82,0,7,0.00,0.00,2.60,0.60,0.01,0.10,0.00,Jagung,Witte wijn (droog),Vitt vin (torrt,Hvidvin (tør),Hvitvin (tørr),Wain putih (kering),M,-,M,M,-,-,DE,ET,EN,EN,1,0,0,0
29,🍶,Kürbiskernöl,Pumpkin seed oil,Óleo de semente de abóbora,Aceite de semillas de calabaza,896,0,7,99.60,18.00,0.00,0.00,0.00,0.00,0.00,Kacang merah,Pompoenpitolie,Pumpakärnolja,Græskarkerneolie,Gresskarkjerneolje,Minyak biji labu,N,-,F,F,-,-,DE,EN,EN,EN,0,1,0,1
30,🥩,Kalbschnitzel,Veal cutlet,Escalope de vitela,Escalope de ternera,106,180,1,2.00,0.80,0.00,0.00,0.10,21.30,0.00,Kacang putih,Kalfsschnitzel,Kalvschnitzel,Kalveschnitzel,Kalveschnitzel,Schnitzel daging anak lembu,N,-,F,F,-,-,DE,EN,EN,EN,0,1,0,0
31,NULL,Kalbshaxe,"Veal knuckle ",Ossobuco de vitela,Ossobuco de ternera,115,900,1,2.50,1.00,0.00,0.00,0.15,22.00,0.00,Kacang hitam,Kalfsschenkel,Kalvlägg,Kalveskank,Kalveskank,Betis anak lembu,M,-,F,F,-,-,DE,EN,EN,EN,0,1,0,0
32,🥛,Milch,Milk,Leite,"Leche ",64,0,3,3.50,2.30,4.70,4.70,0.11,3.30,0.00,Buncis,Melk,Mjölk,Mælk,Melk,Susu,F,-,M,M,-,-,DE,EN,EN,EN,1,0,0,0
33,🥛,Sahne,Whipping cream,"Creme de leite ",Nata,292,0,3,30.00,19.00,3.20,3.20,0.08,2.30,0.00,Lentil,Room,Grädde,Fløde,Fløte,Krim,F,-,F,M,-,-,DE,EN,EN,EN,1,0,0,0
34,🥛,Schmand,Sour cream,Creme azedo,Crema agria,240,0,3,24.00,15.60,3.50,3.50,0.10,2.60,0.00,Buncis mung,Zure room (Schmand),Gräddfil,Creme fraiche,Rømme,Krim masam (Schmand),M,-,F,M,-,-,DE,EN,EN,EN,0,0,1,0
35,🥛,Crème fraîche,Crème fraîche,Crème fraîche,Crème fraîche,295,0,3,30.00,20.00,2.50,2.50,0.05,2.30,0.00,Kacang arab,Crème fraîche,Crème fraîche,Creme fraiche,Crème fraîche,Crème fraîche,M,-,M,M,-,-,DE,EN,EN,EN,0,1,0,0
36,🥛,Joghurt (Natur),Yogurt (Plain),Iogurte (Natural),Yogur (Natural),65,0,3,3.50,2.30,4.70,4.70,0.10,3.80,0.00,Quinoa,Yoghurt (natuurlijk),Yoghurt (naturell,Yoghurt (naturel),Yoghurt (naturell),Yogurt (asli),M,-,M,M,-,-,DE,EN,EN,EN,0,0,1,0
37,🥛,Magerquark,Lean Curd cheese,Queijo Quark magro,Queso batido 0%,68,0,3,0.30,0.10,4.70,4.70,0.10,12.00,0.00,Gandum bulgur,Magere kwark,Kvarg (mager,Kvark (mager),Mager kesam,Kuark rendah lemak,M,-,M,M,-,-,DE,EN,EN,EN,0,0,1,0
38,🥛,Mascarpone,Mascarpone,Mascarpone,Mascarpone,416,0,3,42.00,29.00,4.60,4.60,0.05,4.50,0.00,Gandum couscous,Mascarpone,Mascarpone,Mascarpone,Mascarpone,Mascarpone,M,-,M,M,-,-,DE,EN,EN,EN,0,0,1,0
39,NULL,Mozzarella,Mozzarella,Mozzarela,Mozzarella,280,0,3,20.00,14.00,1.50,1.50,0.60,18.00,0.00,Roti,Mozzarella,Mozzarella,Mozzarella,Mozzarella,Mozzarella,M,-,F,F,-,-,DE,EN,EN,EN,0,1,0,0
40,NULL,Parmesan,Parmesan cheese,Queijo Parmesão,Queso Parmesano,402,0,3,30.00,20.00,0.00,0.00,1.60,32.50,0.00,Roti gandum,Parmezaanse kaas,Parmesan,Parmesan,Parmesan,Parmesan,M,-,M,M,-,-,DE,EN,EN,EN,0,1,0,0
41,NULL,Gouda,Gouda cheese,Queijo Gouda,Queso Gouda,364,0,3,30.00,20.00,0.00,0.00,1.80,23.00,0.00,Roti pita,Goudse kaas,Goudaost,Gouda,Goudaost,Keju Gouda,M,-,F,F,-,-,DE,ET,EN,ET,0,1,0,0
42,NULL,Cheddar,Cheddar cheese,Queijo Cheddar,Queso Cheddar,403,0,3,33.00,21.00,0.10,0.10,1.80,25.00,0.00,Tortilla,Cheddar,Cheddarost,Cheddar,Cheddarost,Keju Cheddar,M,-,M,M,-,-,DE,ET,EN,ET,0,1,0,0
43,NULL,Paniermehl,Breadcrumbs,"Farinha de rosca ",Pan rallado,362,6,7,1.90,0.70,72.00,3.40,1.20,11.50,4.30,Keju,Paneermeel,Ströbröd,Rasp,Brødrasp,Serbuk roti,N,-,M,F,-,-,DE,EN,EN,EN,0,1,0,0
44,🥛,"Butterschmalz ",Clarified butter,Manteiga clarificada,Mantequilla clarificada,898,5,7,99.80,62.00,0.00,0.00,0.00,0.10,0.00,Keju feta,Geklaarde boter,Klarat smör,Klaret smør,Klaret smør,Minyak sapi (Ghee),M,-,F,F,-,-,DE,EN,EN,EN,0,1,0,1
45,NULL,Dinkelmehl,Spelt flour,Farinha de espelta,Harina de espelta,348,6,8,1.30,0.20,69.00,1.50,0.01,12.50,3.70,Mozzarella,Speltbloem,Dinkelmjöl,Stavet mel,Speltmel,Tepung spelt,N,-,F,F,-,-,DE,EN,EN,EN,0,1,0,0
46,NULL,Maisstärke,Cornflour,Amido de milho,Maicena,350,4,7,0.10,0.00,87.00,0.00,0.01,0.30,0.00,Parmesan,Maïszetmeel,Majsstärkelse,Majsstivelse,Maisstivelse,Tepung jagung,F,-,F,M,-,-,DE,EN,EN,EN,0,1,0,0
47,NULL,Knoblauchpulver,Garlic powder,Alho em pó,Ajo en polvo,332,3,5,0.00,0.00,0.00,0.00,0.00,0.00,0.00,Yogurt,Knoflookpoeder,Vitlökspulver,Hvidløgspulver,Hvitløkspulver,Serbuk bawang putih,N,-,M,M,-,-,DE,EN,EN,EN,0,1,0,0
48,NULL,Majoran (frisch),Fresh Marjoram,Manjerona fresca,Mejorana fresca,43,2,5,0.00,0.00,0.00,0.00,0.00,0.00,0.00,Krim asam,Majoraan (vers),Mejram (färsk,Merian (frisk),Merian (frisk),Marjoram (segar),M,-,F,F,-,-,DE,EN,EN,EN,0,1,0,0
49,NULL,Majoran (getrocknet),Dried Marjoram,Manjerona seca,Mejorana seca,271,2,5,0.00,0.00,0.00,0.00,0.00,0.00,0.00,Krim,Majoraan (gedroogd),Mejram (torkad,Merian (tørret),Merian (tørket),Marjoram (kering),M,-,F,F,-,-,DE,EN,EN,EN,0,1,0,0
50,NULL,Frühlingszwiebeln,Spring onion,Cebolinha (verde),Cebolleta,34,40,2,0.20,0.00,3.50,2.30,0.01,1.80,2.60,Schmand,Bosuien,Salladslök,Forårsløg,Vårløk,Daun bawang,F,-,F,M,-,-,PL,EN,EN,EN,0,1,0,0
51,🍅,Tomaten,Tomato,Tomate,Tomate,18,100,2,0.20,0.00,2.60,2.50,0.01,0.90,1.20,Keju cottage,Tomaten,Tomater,Tomater,Tomater,Tomato,PL,-,M,M,-,-,PL,EN,EN,EN,0,1,0,0
52,🍅,Cherrytomate,Cherry tomato,Tomate cereja,Tomate cherry,25,15,2,0.30,0.00,3.80,3.80,0.01,1.00,1.50,Tahu,Cherrytomaten,Körsbärstomater,Cherrytomater,Cherrytomater,Tomato ceri,F,-,M,F,-,-,PL,EN,EN,EN,0,1,0,0
53,🍅,getrocknete Tomaten,Sun-dried tomatoes,Tomate seco,Tomates secos,285,7,2,3.00,0.00,43.50,37.60,5.00,14.10,12.60,Tempe,Gedroogde tomaten,Soltorkade tomater,Soltørrede tomater,Soltørkede tomater,Tomato kering,PL,-,M,M,-,-,PL,EN,EN,EN,0,1,0,0
54,🍋‍🟩,Limette (frisch),Lime,Lima,Lima,30,80,2,0.20,0.00,10.50,1.70,0.01,0.70,2.80,Sosis,Limoen (vers),Lime (färsk,Lime (frisk),Lime (frisk),Limau nipis (segar),M,-,F,F,-,-,DE,EN,EN,EN,0,1,0,0
55,🍋‍🟩,"Limettensaft ",Lime juice,Sumo de lima,Zumo de lima,25,5,2,0.10,8.40,1.70,0.40,0.01,0.01,0.40,Daging cincang,Limoensap,Limesaft,Limesaft,Limesaft,Jus limau nipis,M,-,F,F,-,-,DE,ET,ET,ET,1,0,0,0
56,NULL,Ahornsirup,Maple syrup,Xarope de ácer,Jarabe de arce,260,7,7,0.10,0.00,67.00,60.00,0.01,0.10,0.00,Bacon,Ahornsiroop,Lönnsirap,Ahornsirup,Lønnesirup,Sirap mapel,M,-,M,M,-,-,DE,EN,EN,EN,0,0,1,0
57,NULL,Vanilleextrakt,Vanilla extract,Extrato de baunilha,Extracto de vainilla,288,5,7,0.00,0.00,0.00,0.00,0.00,0.00,0.00,Ham,Vanille-extract,Vaniljextrakt,Vaniljeekstrakt,Vaniljeekstrakt,Ekstrak vanila,M,-,F,F,-,-,DE,ET,ET,ET,0,1,0,0
58,NULL,Vollkornmehl,Whole wheat flour,Farinha de trigo integral,Harina de trigo integral,332,7,8,2.00,0.30,61.00,1.00,0.01,12.00,11.00,Ikan salmon,Volkorenmeel,Fullkornsmjöl,Fuldkornsmel,Fullkornsmel,Tepung gandum penuh,N,-,M,M,-,-,DE,EN,EN,EN,0,1,0,0
59,NULL,Backkakao,Cocoa powder (unsweetened),Cacau em pó (sem açúcar),Cacao en polvo (sin azúcar),348,3,8,21.00,13.00,13.00,1.00,0.08,20.00,32.00,Ikan tuna,Bakcacao,Bakkakao,Bagekakao,Bakekakao,Serbuk koko masakan,M,-,M,M,-,-,DE,EN,EN,EN,0,1,0,0
60,NULL,Backpulver,Baking powder,Fermento em pó,Levadura química,0,4,7,0.00,0.00,0.00,0.00,0.00,0.00,0.00,Ikan cod,Bakpoeder,Bakpulver,Bagepulver,Bakepulver,Serbuk penaik,N,-,F,M,-,-,DE,EN,EN,EN,0,1,0,0
61,NULL,Natron,Natron,Bicarbonato de sódio,Bicarbonato de sodio,0,4,7,0.00,0.00,0.00,0.00,0.00,0.00,0.00,Ikan makarel,Zuiveringszout,Bikarbonat,Natron,Natron,Soda penaik,M,-,M,M,-,-,DE,ET,EN,EN,0,1,0,0
62,NULL,Kichererbsen (gekocht / aus der Dose),Chickpeas,Grão-de-bico,Garbanzos,129,240,9,2.50,0.00,16.80,0.50,0.40,7.20,7.60,Ikan herring,"Kikkererwten (gekookt, uit blik)","Kikärtor (kokta, på burk)","Kikærter (kogte, på dåse)","Kikerter (kokte, på boks)","Kacang kuda (dimasak, dalam tin)",M,-,M,M,-,-,DE,EN,EN,EN,0,1,0,0
63,🫚,Ingwer,Ginger,Gengibre,Jengibre,80,5,2,0.80,0.00,17.80,1.70,0.03,1.80,2.00,Udang,Gember,Ingefära,Ingefær,Ingefær,Halia,M,-,M,M,-,-,DE,EN,EN,EN,0,1,0,0
64,🫑,Paprika (gelb),Yellow bell pepper,Pimento amarelo,Pimiento amarillo,27,160,2,0.20,0.00,6.30,5.80,0.01,1.00,2.10,Cumi-cumi,Paprika (geel),Paprika (gul,Peberfrugt (gul),Paprika (gul),Lada benggala (kuning),M,-,M,M,-,-,DE,EN,EN,EN,0,1,0,0
65,🫑,Paprika (rot),Red bell pepper,Pimento vermelho,Pimiento rojo,37,180,2,0.30,0.00,6.40,6.00,0.01,1.30,2.00,Kerang,Paprika (rood),Paprika (röd,Peberfrugt (rød),Paprika (rød),Lada benggala (merah),M,-,M,M,-,-,DE,EN,EN,EN,0,1,0,0
66,🫑,Paprika (grün),Green bell pepper,Pimento verde,Pimiento verde,20,180,2,0.20,0.00,2.90,2.40,0.01,0.90,1.80,Beras arborio,Paprika (groen),Paprika (grön,Peberfrugt (grøn),Paprika (grønn),Lada benggala (hijau),M,-,M,M,-,-,DE,EN,EN,EN,0,1,0,0
67,🥥,Kokosmilch,Coconut milk,Leite de coco,Leche de coco,200,400,7,18.00,16.00,3.00,2.00,0.05,2.00,0.00,Mi,Kokosmelk,Kokosmjölk,Kokosmælk,Kokosmelk,Santan,F,-,M,M,-,-,DE,EN,EN,EN,1,0,0,0
68,🧂,Currypulver,Curry powder,Caril em pó,Curry en polvo,0,2,5,0.00,0.00,0.00,0.00,0.00,0.00,0.00,Mi telur,Kerriepoeder,Currypulver,Karry,Karripulver,Serbuk kari,N,-,M,M,-,-,DE,EN,EN,EN,0,1,0,0
69,🫚,Kurkuma (gemahlen),Turmeric,Cúrcuma,Cúrcuma,0,3,5,0.00,0.00,0.00,0.00,0.00,0.00,0.00,Mi soba,Kurkuma (gemalen),Gurkmeja (malen,Gurkemeje (stødt),Gurkemeie (malt),Kunyit (serbuk),M,-,F,F,-,-,DE,EN,EN,EN,0,1,0,0
70,NULL,Koriander (frisch),Fresh Coriander,Coentro,Cilantro,23,2,2,0.00,0.00,0.00,0.00,0.00,0.00,0.00,Soun,Koriander (vers),Koriander (färsk,Koriander (frisk),Koriander (frisk),Daun ketumbar (segar),M,-,M,M,-,-,DE,EN,EN,EN,0,1,0,0
71,NULL,Kreuzkümmel (Cumin),Cumin,Cominho,Comino,0,2,5,0.00,0.00,0.00,0.00,0.00,0.00,0.00,Tepung roti,Komijn,Spiskummin,Spidskommen,Spisskummen,Jintan putih,M,-,M,M,-,-,DE,EN,EN,EN,0,1,0,0
72,NULL,Cayennepfeffer,Cayenne pepper,Pimenta Caiena,Pimienta de Cayena,0,2,5,0.00,0.00,0.00,0.00,0.00,0.00,0.00,Ragi,Cayennepeper,Cayennepeppar,Cayennepeber,Cayennepepper,Lada cayenne,M,-,F,F,-,-,DE,EN,EN,EN,0,1,0,0
73,NULL,Zimt,Cinnamon,Canela,Canela,0,2,5,0.00,0.00,0.00,0.00,0.00,0.00,0.00,Baking powder,Kaneel,Kanel,Kanel,Kanel,Kayu manis,M,-,F,F,-,-,DE,EN,EN,EN,0,1,0,0
74,NULL,Trockenhefe,"Dry yeast ",Fermento de padeiro seco,Levadura seca,0,7,7,0.00,0.00,0.00,0.00,0.00,0.00,0.00,Soda kue,Droge gist,Torrjäst,Tørgær,Tørrgjær,Yis kering,F,-,F,M,-,-,DE,ET,EN,EN,0,1,0,0
75,🫗,Wasser,Water,Água,Agua,0,0,7,0.00,0.00,0.00,0.00,0.00,0.00,0.00,Garam,Water,Vatten,Vand,Vann,Air,N,-,F,F,-,-,DE,EN,EN,EN,1,0,0,0
76,NULL,Haferflocken,Rolled oats,Flocos de aveia,Copos de avena,370,5,7,7.00,0.00,58.70,0.70,0.01,13.50,10.00,Lada,Havermout,Havregryn,Havregryn,Havregryn,Oat,PL,-,F,F,-,-,DE,EN,EN,EN,0,1,0,0
77,🥦,Brokkoli,Broccoli,Brócolos,"Brócoli ",34,500,2,0.40,0.00,2.70,1.70,0.03,3.80,3.00,Paprika bubuk,Broccoli,Broccoli,Broccoli,Brokkoli,Brokoli,M,-,M,M,-,-,DE,EN,EN,EN,0,1,0,0
78,NULL,Thymian (frisch),Fresh Thyme,Tomilho fresco,Tomillo fresco,101,2,5,0.00,0.00,0.00,0.00,0.00,0.00,0.00,Jinten,Tijm (vers),Timjan (färsk,Timian (frisk),Timian (frisk),Thyme (segar),M,-,M,M,-,-,DE,EN,EN,EN,0,1,0,0
79,NULL,Thymian (getrocknet),Dried Thyme,Tomilho seco,Tomillo seco,0,2,5,0.00,0.00,0.00,0.00,0.00,0.00,0.00,Ketumbar,Tijm (gedroogd),Timjan (torkad,Timian (tørret),Timian (tørket),Thyme (kering),M,-,M,M,-,-,DE,EN,EN,EN,0,1,0,0
80,NULL,"Sellerie Stange ",Celery (stalk),Aipo,Apio,16,50,2,0.20,0.00,3.00,1.40,0.20,0.70,1.60,Oregano,Bleekselderij,Stjälkselleri,Bladselleri,Stangselleri,Batang saderi,M,-,M,M,-,-,DE,EN,EN,EN,0,1,0,0
81,🍷,Rotwein,Red wine,Vinho tinto,Vino tinto,85,0,7,0.00,0.00,0.00,0.00,0.00,0.00,0.00,Basil,Rode wijn,Rött vin,Rødvin,Rødvin,Wain merah,M,-,M,M,-,-,DE,EN,EN,EN,1,0,0,0
82,.,Oregano (getrocknet),Oregano,Orégãos,Orégano,0,2,5,0.00,0.00,0.00,0.00,0.00,0.00,0.00,Peterseli,Oregano (gedroogd),Oregano (torkad,Oregano (tørret),Oregano (tørket),Oregano (kering),M,-,M,M,-,-,DE,EN,EN,EN,0,1,0,0
83,🧅,Rote Zwiebeln,Red onion,Cebola roxa,Cebolla roja,37,80,2,0.10,0.00,8.30,4.20,0.01,1.20,1.70,Dill,Rode uien,Rödlök,Rødløg,Rødløk,Bawang besar merah,F,-,F,F,-,-,PL,EN,EN,EN,0,1,0,0
84,🥒,Gurke,Cucumber,Pepino,Pepino,12,400,2,0.20,0.00,3.60,1.70,0.01,0.70,0.50,Thyme,Komkommer,Gurka,Agurk,Agurk,Timun,M,-,M,M,-,-,DE,EN,EN,EN,0,1,0,0
85,🥚,Eier,Egg,Ovo,Huevo,155,55,7,11.00,3.30,1.10,1.10,0.30,13.00,0.00,Rosemary,Eieren,Ägg,Æg,Egg,Telur,PL,-,M,M,-,-,PL,EN,EN,EN,0,1,0,0
86,🥒,Zucchini,Courgette,Abobrinha,Calabacín,17,220,2,0.30,0.00,3.10,2.50,0.01,1.20,1.00,Kayu manis,Courgette,Zucchini,Squash,Squash,Zukini,F,-,M,F,-,-,DE,EN,EN,EN,0,1,0,0
87,NULL,Sojasoße,Soy sauce,Molho de soja,Salsa de soja,55,5,7,0.00,0.00,0.00,0.00,0.00,0.00,0.00,Vanila,Sojasaus,Sojasås,Sojasauce,Sojasaus,Kicap soya,F,-,F,F,-,-,DE,EN,EN,EN,0,1,0,0
88,NULL,Essig,Vinegar,Vinagre,Vinagre,0,5,7,0.00,0.00,0.00,0.00,0.00,0.00,0.00,Kakao,Azijn,Vinäger,Eddike,Eddik,Cuka,M,-,M,M,-,-,DE,EN,EN,EN,1,0,0,0
89,🥩,Rinderfilet,Filet Mignon,Filé mignon,Solomillo de ternera,120,0,1,4.00,1.60,0.00,0.00,0.05,21.20,0.00,Cokelat,Ossenhaas,Oxfilé,Oksemørbrad,Indrefilet av storfe,Daging batang pinang,N,-,F,M,-,-,DE,EN,EN,EN,0,1,0,0
90,🥩,Entrecôte,Ribeye steak,Contrafilé,Entrecot,218,350,1,14.00,6.00,0.00,0.00,0.05,21.00,0.00,Madu,Entrecote,Entrecôte,Entrecôte,Entrecôte,Entrecôte (daging rusuk),M,-,M,M,-,-,DE,EN,EN,EN,0,1,0,0
91,🥩,Rumpsteak,Rumpsteak,Alcatra,Lomo bajo,162,350,1,8.20,3.50,0.00,0.00,0.05,22.00,0.00,Sirup maple,Rumpsteak,Ryggbiff,Rumpsteak,Ytrefilet av storfe,Steak batang pinang,N,-,M,F,-,-,DE,EN,EN,EN,0,1,0,0
92,🥩,Rinder-Oberschale,Topside,Chã de dentro,Tapa,126,0,1,3.80,1.40,0.00,0.00,0.05,21.10,0.00,Saus tomat,Bovenbil rund,Innanlår av nöt,Yderlår af okse,Lårtunge av storfe,Daging bahagian atas (lembu),F,-,F,M,-,-,DE,ET,EN,EN,0,1,0,0
93,🥩,Rinderhüfte,Sirloin,Alcatra,Cadera,130,200,1,4.50,1.90,0.00,0.00,0.05,21.50,0.00,Saus mustard,Runderlende,Rostas,Okseklump,Mørbrad av storfe,Pinggul lembu,M,-,F,F,-,-,DE,EN,EN,EN,0,1,0,0
94,🥩,Rinderwade,Beef Shank,Jarrete,Jarrete,105,0,1,2.50,0.00,0.00,0.00,0.10,22.10,0.00,Kecap,Runderschenkel,Oxlägg,Okseskank,Okseskan,Betis lembu,M,-,M,M,-,-,DE,EN,EN,EN,0,1,0,0
95,🥩,Rinderbrust,Brisket,Peito bovino,Pecho de ternera,270,0,1,22.00,9.00,0.00,0.00,0.15,18.00,0.00,Saus sambal,Runderborst,Oxbröst (bringa,Oksebryst,Oksebryst (bringevir),Daging brisket,M,-,F,M,-,-,DE,EN,ET,EN,0,1,0,0
96,NULL,Senf,Mustard,Mostarda,Mostaza,100,7,7,0.00,0.00,0.00,0.00,0.00,0.00,0.00,Saus soya,Mosterd,Senap,Sennep,Sennep,Mustard,M,-,F,F,-,-,DE,EN,EN,EN,0,0,1,0
97,NULL,Ketchup,Ketchup,Ketchup,Ketchup,0,0,7,0.00,0.00,0.00,0.00,0.00,0.00,0.00,Cuka,Ketchup,Ketchup,Ketchup,Ketchup,Sos tomato,M,-,M,M,-,-,DE,EN,EN,EN,0,1,0,0
98,🥓,Speck,Bacon,Bacon,Beicon,350,0,1,35.00,13.00,0.00,0.00,2.00,14.00,0.00,Jus lemon,Spek,Sidfläsk,Bacon,Bacon,Bacon (daging salai),M,-,M,M,-,-,DE,EN,EN,EN,0,1,0,1
99,🫘,Schwarze Bohnen,Black beans,Feijão preto,Frijoles negros,110,0,9,0.60,0.00,15.50,0.30,0.40,7.60,6.50,Lemon,Zwarte bonen,Svarta bönor,Sorte bønner,Svarte bønner,Kacang hitam,PL,-,M,M,-,-,PL,EN,EN,EN,0,1,0,0
100,NULL,Lachsfilet,Salmon fillet,Filé de salmão,Filete de salmón,208,180,6,13.00,0.00,0.00,0.00,0.10,20.00,0.00,Jeruk,Zalmfilet,Laxfilé,Laksefilet,Laksefilet,Filet salmon,N,-,M,M,-,-,DE,EN,ET,ET,0,1,0,0
101,NULL,Dill (frisch),Fresh Dill,Endro fresco,Eneldo fresco,0,2,5,0.00,0.00,0.00,0.00,0.00,0.00,0.00,Apel,Dille (vers),Dill (färsk,Dild (frisk),Dill (frisk),Daun dill (segar),M,-,M,M,-,-,DE,EN,EN,EN,0,1,0,0
102,NULL,Schweinefilet,Pork tenderloin,Lombinho de porco,Solomillo de cerdo,109,500,1,2.10,0.80,0.00,0.00,0.10,22.00,0.00,Pisang,Varkenshaas,Fläskfilé,Svinemørbrad,Indrefilet av svin,Filet babi,N,-,M,M,-,-,DE,EN,EN,EN,1,0,0,0
103,NULL,Schweinelachs,Pork Loin,Lombo de porco,Lomo de cerdo,145,0,1,6.50,2.40,0.00,0.00,0.10,21.50,0.00,Stroberi,Varkenslende,Ytterfilé av gris,Svinekam,Ytrefilet av svin,Daging loin babi,M,-,M,M,-,-,DE,EN,EN,EN,1,0,0,0
104,NULL,Schweinenacken,Pork Neck,Copa Lombo,"Aguja de cerdo ",250,0,1,20.00,7.00,0.00,0.00,0.10,17.00,0.00,Blueberry,Varkensnek,Fläskkarré,Nakkefilet,Svinekjøtt nakke,Leher babi,M,-,M,M,-,-,DE,EN,ET,EN,1,0,0,0
105,NULL,Schweineschulter,Pork Shoulder,Paleta,Paleta,190,0,1,15.00,0.00,0.00,0.00,0.10,19.00,0.00,Raspberry,Varkensschouder,Fläskbog,Svinebov,Svinebog,Bahu babi,M,-,F,F,-,-,DE,EN,EN,EN,1,0,0,0
106,NULL,Schweinebauch,Pork Belly,Barriga de porco,Barriga,518,0,1,53.00,19.00,0.00,0.00,0.10,9.00,0.00,Anggur,Varkensbuik,Sidfläsk,Stribet flæsk,Svinekjøtt ribbe,Perut babi,M,-,F,M,-,-,DE,EN,EN,EN,1,0,0,0
107,NULL,Schweine-Oberschale,Pork Topside,Chã de dentro,Tapa de cerdo,105,0,1,3.00,1.00,0.00,0.00,0.10,21.00,0.00,Mangga,Varkensbovenbil,Innanlår av gris,Inderlår af svin,Svinekjøtt indrelår,Paha atas babi,F,-,M,M,-,-,DE,EN,EN,EN,1,0,0,0
108,NULL,Schweinenuss,Knuckle,Alcatra,Babilla,107,0,1,2.00,0.80,0.00,0.00,0.10,22.00,0.00,Nanas,Varkensmuis,Fransyska av gris,Svineklump,Svineplomme,Bahagian 'knuckle' babi,M,-,F,F,-,-,DE,EN,EN,EN,1,0,0,0
109,NULL,Schweine-Unterschale,Silverside,Chã de fora,Contra,112,0,1,3.80,1.40,0.00,0.00,0.10,21.50,0.00,Alpukat,Varkensonderbil,Ytterlår av gris,Yderlår af svin,Ytterlår av svin,Paha bawah babi,F,-,F,F,-,-,DE,EN,EN,EN,1,0,0,0
110,NULL,Schweinshaxe,Pork Knuckle,Joelho de porco,Codillo de cerdo,210,0,1,18.00,3.00,0.00,0.00,0.10,19.00,0.00,Kelapa,Varkensschenkel,Fläsklägg,Svineskank,Svineknoke,Kaki babi,M,-,M,M,-,-,DE,EN,EN,EN,1,0,0,0
111,NULL,Schweinerippchen,Pork Ribs,Costelinha de porco,Costillas de cerdo,220,0,1,16.00,4.00,0.00,0.00,0.10,17.00,0.00,Susu kelapa,Varkensribbetjes,Tjocka revbensspjäll,Svinribben,Svinestek,Rusuk babi,M,-,M,M,-,-,DE,EN,EN,EN,1,0,0,0
112,NULL,Margarine,Margarine,Margarina,Margarina,72,5,7,80.00,30.00,0.50,0.00,0.20,0.20,0.00,Tepung kelapa,Margarine,Margarin,Margarine,Margarin,Marjerin,F,-,F,F,-,-,DE,EN,EN,EN,0,1,0,1
113,NULL,"Muskatnuss ",Nutmeg,Noz-moscada,Nuez moscada,0,2,5,0.00,0.00,0.00,0.00,0.00,0.00,0.00,Biji chia,Muskaatnoot,Muskotnöt,Muskatnød,Muskatnøtt,Buah pala,M,-,F,F,-,-,DE,ET,EN,ET,0,1,0,0
114,🍅,Passierte Tomaten,Tomato purée,Polpa de tomate,Tomate triturado,25,0,2,0.10,0.00,4.50,4.50,0.05,0.40,0.00,Wijen,Gepureerde tomaten,Passerade tomater,Flåede tomater (passerede),Passerte tomater,Tomato hancur,PL,-,M,M,-,-,PL,EN,EN,EN,0,1,0,0
115,NULL,Knollensellerie,Celeriac,Aipo rábano,Apio nabo,40,0,2,0.30,0.00,9.00,1.60,0.10,1.50,4.90,Biji rami,Knolselderij,Rotselleri,Knoldselleri,Selerirot,Akar saderi,M,-,M,M,-,-,DE,EN,EN,ET,0,1,0,0
116,🫘,Linsen,Lentils,Lentilhas,Lentejas,350,0,9,1.50,0.00,60.00,2.00,0.01,24.00,17.00,Kacang almond,Linzen,Linser,Linser,Linser,Lentil,PL,-,F,F,-,-,PL,EN,EN,EN,0,1,0,0
117,NULL,Gemüsebrühe,Vegetable Broth,Caldo de legumes,Caldo de verduras,10,0,7,0.10,0.00,0.50,0.00,0.80,0.50,0.00,Kacang hazelnut,Groentebouillon,Grönsaksbuljong,Grøntsagsbouillon,Grønnsaksbuljong,Stok sayuran,F,-,F,PL,-,-,DE,EN,EN,EN,1,0,0,0
118,🫛,Erbsen,Peas,Ervilhas,Guisantes,80,0,9,0.50,0.00,12.00,3.50,0.01,7.00,5.00,Kacang walnut,Erwten,Ärtor,Ærter,Erter,Kacang pis,M,-,PL,F,-,-,PL,EN,EN,EN,0,1,0,0
119,NULL,Rosmarin (frisch),Fresh Rosemary,Alecrim fresco,Romero fresco,0,0,5,0.00,0.00,0.00,0.00,0.00,0.00,0.00,Kacang mete,Rozemarijn (vers),Rosmarin (färsk,Rosmarin (frisk),Rosmarin (frisk),Rosmeri (segar),M,-,M,M,-,-,DE,EN,EN,EN,0,1,0,0
120,NULL,Rosmarin (getrocknet),Dried Rosemary,Alecrim seco,Romero seco,0,2,5,0.00,0.00,0.00,0.00,0.00,0.00,0.00,Kacang pistachio,Rozemarijn (gedroogd),Rosmarin (torkad,Rosmarin (tørret),Rosmarin (tørket),Rosmeri (kering),M,-,M,M,-,-,DE,EN,EN,EN,0,1,0,0
121,NULL,Seidentofu,Silken Tofu,Tofu sedoso,Tofu sedoso,60,0,7,3.00,0.50,2.00,0.00,0.02,5.00,0.00,Kacang Brazil,Zijdetofu,Silkestofu,Silketofu,Silketofu,Tahu lembut,M,-,M,M,-,-,DE,EN,EN,EN,0,1,0,0
122,NULL,Kichererbsenmehl,Chickpea flour,Farinha de grão-de-bico,Harina de garbanzo,380,0,8,6.00,0.00,50.00,0.00,0.01,22.00,13.00,Biji bunga matahari,Kikkererwtenmeel,Kikärtsmjöl,Kikærtemel,Kikertmel,Tepung kacang kuda,N,-,M,M,-,-,DE,EN,EN,EN,0,1,0,0
123,🍆,Aubergine,Aubergine,Berinjela,Berenjena,25,300,2,0.20,0.00,6.00,2.50,0.00,1.00,3.00,Biji labu,Aubergine,Aubergine,Aubergine,Aubergine,Terung,M,-,F,F,-,-,DE,EN,EN,EN,0,1,0,0
124,🍄‍🟫,Champignons,Mushrooms,Cogumelos,Champiñones,22,0,2,0.20,0.00,3.00,0.00,0.01,3.10,2.00,Biji poppy,Champignons,Champinjoner,Champignoner,Sjampinjong,Cendawan butang,M,-,PL,M,-,-,DE,EN,EN,EN,0,1,0,0
125,🌽,Mais,Corn,Milho,Maíz,90,0,2,1.20,0.00,16.00,3.00,0.01,3.00,3.00,Air,Maïs,Majs,Majs,Mais,Jagung,M,-,M,M,-,-,DE,EN,EN,EN,0,1,0,0
126,🥬,Blattspinat,Leaf Spinach,Espinafre,Espinacas,23,0,2,0.40,0.00,3.60,0.00,0.01,2.90,2.20,Kaldu sayur,Bladspinazie,Bladspenat,Bladspinat,Bladspinat,Bayam,M,-,F,M,-,-,DE,ET,ET,ET,0,1,0,0
127,🫘,Grüne Bohnen,Green Beans,Vagem,Judías verdes,35,0,9,0.20,0.00,5.00,2.00,0.01,2.00,4.00,Kaldu ayam,Sperziebonen,Gröna bönor,Grønne bønner,Grønne bønner,Kacang buncis,PL,-,PL,M,-,-,PL,EN,EN,EN,0,1,0,0
128,🍎,Apfelmus,Apple Sauce,Purê de maçã,Puré de manzana,80,0,4,0.10,0.00,20.00,18.00,0.01,0.20,2.00,Kaldu sapi,Appelmoes,Äppelmos,Æblemos,Eplemos,Sos epal,M,-,F,M,-,-,DE,EN,EN,EN,0,1,0,0
129,🍓,Erdbeeren,Strawberries,Morangos,Fresas,32,0,4,0.50,0.00,5.50,5.00,0.01,0.80,2.00,Anggur merah,Aardbeien,Jordgubbar,Jordbær,Jordbær,Strawberi,PL,-,F,M,-,-,PL,EN,EN,EN,0,1,0,0
130,NULL,Agar-Agar,Agar-Agar,Ágar-ágar,Agar-Agar,0,0,7,0.00,0.00,0.00,0.00,0.00,0.00,0.00,Anggur putih,Agaragar,Agar-agar,Agar-agar,Agar-agar,Agar-agar,M,-,M,M,-,-,DE,EN,EN,EN,0,1,0,0
131,🥭,Mango,Mango,Manga,Mango,60,400,4,0.60,0.00,15.00,14.00,0.01,0.80,1.60,Bir,Mango,Mango,Mango,Mango,Mangga,M,-,M,F,-,-,DE,EN,EN,EN,0,1,0,0
132,NULL,Kardamom,Cardamom,Cardamomo,Cardamomo,300,2,5,0.00,0.00,0.00,0.00,0.00,0.00,0.00,Rum,Kardemom,Kardemumma,Kardemomme,Kardemomme,Buah pelaga,M,-,M,M,-,-,DE,EN,EN,EN,0,1,0,0
133,🥥,Kokosraspeln,Desiccated Coconut,Coco ralado,Coco rallado,660,0,4,65.00,57.00,7.00,7.00,0.01,7.00,16.00,Whisky,Kokosrasp,Kokosflingor,Kokosmel,Kokosmasse,Kelapa parut,M,-,M,M,-,-,DE,EN,EN,EN,0,1,0,0
134,NULL,Speisestärke,Cornflour,Amido de milho,Almidón de maíz,350,4,7,0.10,0.00,87.00,0.00,0.01,0.30,0.00,Vodka,Maïzena,Maizstärkelse,Majsstivelse,Maisstivelse,Kanji makanan,F,-,M,M,-,-,DE,EN,EN,EN,0,1,0,0
135,🍙,Arborio-Reis,Arborio rice,Arroz para risoto,Arroz para risotto,350,0,8,0.60,0.20,79.00,0.20,0.01,7.00,1.50,Gin,Arborio rijst,Arborioris,Arborio ris,Arborioris,Beras Arborio,M,-,M,M,-,-,DE,EN,EN,EN,0,1,0,0
136,🫒,Oliven (schwarz),Black olives,Azeitonas pretas,Aceitunas negras,130,0,2,13.50,2.20,0.50,0.00,1.50,0.50,3.00,Kopi,Olijven (zwart),Oliver (svarta,Oliven (sorte),Oliven (svarte),Zaitun (hitam),M,-,F,F,-,-,DE,EN,EN,EN,0,1,0,0
137,🫒,Oliven (grün),Green olives,Azeitonas verdes,Aceitunas verdes,145,4,2,15.30,2.00,0.50,0.00,3.50,1.00,3.00,Teh,Olijven (groen),Oliver (gröna,Oliven (grønne),Oliven (grønne),Zaitun (hijau),M,-,PL,PL,-,-,DE,EN,EN,EN,0,1,0,0
138,NULL,Kapern,Capers,Alcaparras,Alcaparras,23,5,2,0.90,0.20,2.00,0.00,6.50,2.00,3.00,Teh hijau,Kappertjes,Kapris,Kapers,Kapers,Kaper,M,-,F,F,-,-,DE,EN,EN,EN,0,1,0,0
139,NULL,Pinienkerne,Pine nuts,Pinhões,Pinhões,673,4,7,68.40,2.90,13.10,3.60,0.01,13.70,3.70,Teh hitam,Pijnboompitten,Pinjenötter,Pinjekerner,Pinjekjerner,Kacang pain,PL,-,PL,PL,-,-,PL,EN,EN,EN,0,1,0,0
140,NULL,Polenta,Polenta,Polenta,Polenta,345,0,8,1.10,0.20,74.00,0.70,0.01,8.50,4.00,Teh herbal,Polenta,Polenta,Polenta,Polenta,Polenta,M,-,F,F,-,-,DE,EN,EN,EN,0,1,0,0
141,NULL,Quinoa,Quinoa,Quinoa,Quinoa,264,0,8,6.10,0.70,64.20,2.50,0.01,14.10,7.00,Susu mentega,Quinoa,Quinoa,Quinoa,Quinoa,Quinoa,M,-,F,F,-,-,DE,EN,EN,EN,0,1,0,0
142,NULL,Tortillas,Wheat Tortillas,Tortilhas de trigo,Tortillas de trigo,310,60,7,7.00,1.50,53.00,2.50,1.20,9.00,2.50,Kalkun,Tortilla's,Tortillas,Tortillaer,Tortillas,Tortilla,M,-,M,M,-,-,DE,EN,EN,EN,0,1,0,0
143,NULL,Rote Rübe,Beetroot,Beterraba,Remolacha,43,0,2,0.20,0.10,9.60,6.80,0.10,1.60,2.80,Dada kalkun,Rode biet,Rödbeta,Rødbede,Rødbete,Bit merah,M,-,F,F,-,-,DE,EN,EN,EN,0,1,0,0
144,🥬,Rucola,Rocket,Rúcula,Rúcula,25,0,2,0.70,0.10,3.70,2.10,0.05,2.60,1.60,Bebek,Rucola,Ruccola,Rucola,Ruccola,Rukola,M,-,F,F,-,-,DE,EN,EN,EN,0,1,0,0
145,🥦,Blumenkohl,Cauliflower,Couve-flor,Coliflor,25,900,2,0.30,0.10,2.50,2.30,0.03,2.50,2.90,Angsa,Bloemkool,Blomkål,Blomkål,Blomkål,Kobis bunga,M,-,M,M,-,-,DE,EN,EN,EN,0,1,0,0
146,NULL,Kürbiskerne,Pumpkin seeds,Sementes de abóbora,Pipas de calabaza,575,0,7,49.00,8.60,10.70,1.40,0.02,30.00,6.00,Domba,Pompoenpitten,Pumpakärnor,Græskarkerner,Gresskarkjerner,Biji labu,PL,-,F,F,-,-,PL,EN,EN,EN,0,1,0,0
147,NULL,Walnusskerne,Walnuts,Nozes,Nueces,654,0,2,65.20,6.10,13.70,2.60,0.02,15.20,6.70,Iga domba,Walnoten,Valnötter,Valnødder,Valnøtter,Kacang walnut,PL,-,PL,PL,-,-,PL,EN,EN,EN,0,1,0,0
148,🫐,Blaubeeren,Blueberries,Mirtilos,Arándanos,57,0,4,0.30,0.10,14.50,10.00,0.01,0.70,2.40,Daging rusa,Blauwe bessen,Blåbär,Blåbær,Blåbær,Bluberi,PL,-,M,M,-,-,PL,EN,EN,EN,0,1,0,0
149,NULL,Lauch,Leek,Alho-francês,Puerro,31,250,2,0.30,0.10,3.90,2.20,0.01,1.60,2.70,Kelinci,Prei,Purjolök,Porre,Purre,Bawang perai,M,-,M,M,-,-,DE,EN,EN,EN,0,1,0,0
150,🫘,Kidneybohnen,Kidney beans,Feijão vermelho,Alubias rojas,110,0,9,0.60,0.10,15.00,0.80,0.60,7.50,6.50,Kanguru,Kidneybonen,Kidneybönor,Kidneybønner,Kidneybønner,Kacang merah,PL,-,F,M,-,-,PL,EN,EN,EN,0,1,0,0
151,NULL,Couscous,Couscous,Cuscuz,Cuscús,355,0,8,1.80,0.30,72.00,2.50,0.01,12.50,4.50,Gandum,Couscous,Couscous,Couscous,Couscous,Kuskus,M,-,M,M,-,-,DE,EN,EN,EN,0,1,0,0
152,🌶️,Chilipulver,Chili powder,Chili em pó,Chile en polvo,0,2,5,0.00,0.00,0.00,0.00,0.00,0.00,0.00,Tepung gandum,Chilipoeder,Chilipulver,Chilipulver,Chilipulver,Serbuk cili,N,-,M,M,-,-,DE,EN,EN,EN,0,1,0,0
153,NULL,Bulgur,Bulgur wheat,Bulgur,Bulgur,345,0,8,1.50,0.30,65.00,0.80,0.02,12.00,9.00,Tepung spelt,Bulgur,Bulgur,Bulgur,Bulgur,Bulgur,M,-,M,M,-,-,DE,EN,EN,EN,0,1,0,0
154,NULL,Tofu,Tofu,Tofu,Tofu,130,0,8,8.00,1.20,1.00,0.50,0.02,13.00,1.00,Tepung rye,Tofu,Tofu,Tofu,Tofu,Tahu,M,-,M,M,-,-,DE,EN,EN,EN,0,1,0,0
155,🍠,Süßkartoffeln,Sweet potato,Batata-doce,Batata,86,250,2,0.10,0.10,20.00,4.20,0.14,1.60,3.00,Tepung oat,Zoete aardappelen,Sötpotatis,Søde kartofler,Søtpoteter,Ubi keledek,F,-,F,M,-,-,PL,EN,EN,EN,0,1,0,0
156,NULL,Kohlrabi,Kohlrabi,Couve-rábano,Colinabo,27,150,2,0.10,0.10,6.20,2.60,0.05,1.70,3.60,Oat,Koolrabi,Kålrabbi,Glaskål,Kålrot,Kohlrabi,M,-,M,M,-,-,DE,EN,EN,ET,0,1,0,0
157,NULL,Seitan,Seitan,Seitan,Seitán,148,0,7,1.90,0.30,2.50,0.20,1.50,28.00,0.60,Cornflakes,Seitan,Seitan,Seitan,Seitan,Seitan,M,-,M,M,-,-,DE,EN,EN,EN,0,1,0,0
158,NULL,"Hafermilch ",Oat-Milk,Leite de aveia,Leche de avena,45,0,7,1.50,0.20,6.50,3.50,0.10,1.00,0.80,Muesli,Havermelk,Havremjölk,Havremælk,Havremelk,Susu oat,F,-,F,F,-,-,DE,EN,EN,EN,1,0,0,0
159,NULL,Balsamico-Essig,Balsamic vinegar,Vinagre balsâmico,Vinagre balsámico,0,0,7,0.00,0.00,0.00,0.00,0.00,0.00,0.00,Sereal,Balsamicoazijn,Balsamvinäger,Balsamicoeddike,Balsamicoeddik,Cuka Balsamik,M,-,M,M,-,-,DE,EN,EN,EN,1,0,0,0
160,NULL,Dunkelbier,Dark beer,Cerveja preta,Cerveza negra,42,0,7,0.00,0.00,3.50,0.20,0.01,0.50,0.00,Granola,Donker bier,Mörkt öl,Mørkt øl,Mørkt øl,Bir gelap,N,-,F,F,-,-,DE,EN,EN,EN,1,0,0,0
161,NULL,Rinderbrühe,Beef broth,Caldo de carne,Caldo de carne,12,0,7,0.00,0.00,0.00,0.00,0.00,0.00,0.00,Kacang tanah,Runderbouillon,Köttbuljong,Oksebouillon,Kjøttbuljong,Stok daging,F,-,M,M,-,-,DE,EN,EN,EN,1,0,0,0
162,NULL,Spätzle,Spaetzle,Massa de ovo alemã,Pasta al huevo alemana,365,0,8,3.50,1.00,69.00,3.00,0.10,13.00,3.50,Selai kacang,Spätzle,Spätzle,Spätzle,Spätzle,Spätzle,M,-,F,M,-,-,DE,EN,EN,EN,0,1,0,0
163,NULL,Taco-Schalen,Taco shells,Conchas para tacos,Conchas para tacos,475,13,7,22.00,2.00,61.00,1.00,0.80,6.50,5.00,Selai,Tacohulpen,Tacoskal,Tacoskaller,Tacoskjell,Kulit taco,M,-,M,M,-,-,PL,EN,EN,EN,0,1,0,0
164,NULL,Blätterteig,Puff pastry,Massa folhada,Hojaldre,290,275,7,24.00,12.50,36.00,2.00,0.60,5.50,1.50,Selai stroberi,Bladerdeeg,Smördeg,Butterdej,Butterdeig,Pastri lapis (Puff pastry),M,-,M,F,-,-,DE,EN,EN,EN,0,1,0,0
165,🍎,Apfelsaft,Apple juice,Sumo de maçã,Zumo de manzana,46,0,7,0.10,0.10,11.00,10.50,0.10,0.10,0.20,Selai aprikot,Appelsap,Äppeljuice,Æblemost,Eplejuice,Jus epal,M,-,F,M,-,-,DE,EN,ET,EN,1,0,0,0
166,NULL,Rotkohl,Red cabbage,Repolho roxo,Lombarda,31,800,2,0.10,0.00,7.00,3.80,0.05,1.50,2.50,Aprikot,Rode kool,Rödkål,Rødkål,Rødkål,Kobis merah,M,-,F,M,-,-,DE,EN,EN,EN,0,1,0,0
167,NULL,Kochschinken,Cooked ham,Fiambre,Jamón cocido,110,0,1,3.30,1.30,1.00,1.00,2.20,19.00,0.00,Pir,Gekookte ham,Kokt skinka,Kogt skinke,Kokt skinke,Ham masak,M,-,M,M,-,-,DE,EN,EN,EN,0,1,0,0
168,NULL,Putenschinken,Turkey ham,Fiambre de peru,Jamón de pavo,105,0,1,1.50,0.50,1.00,1.00,2.20,22.00,0.00,Plum,Kalkoenham,Kalkonskinka,Kalkunskinke,Kalkunskinke,Ham ayam belanda,M,-,M,M,-,-,DE,EN,EN,EN,0,1,0,0
169,NULL,Pflaumen,Plums,Ameixas,Ciruelas,46,60,2,0.30,0.10,11.40,10.20,0.01,0.60,1.60,Kiwi,Pruimen,Plommon,Blommer,Plommer,Buah plum,M,-,F,F,-,-,PL,EN,EN,EN,0,1,0,0
170,🍫,Kochschokolade,Cooking chocolate,Chocolate de culinária,Chocolate para postres,520,0,7,31.00,19.00,54.00,51.00,0.01,5.50,7.00,Delima,Kookchocolade,Blockchoklad,Kogechokolade,Kokesjokolade,Coklat masakan,F,-,PL,F,-,-,DE,EN,EN,EN,0,1,0,0
171,🍫,Vollmilchschokolade,Milk chocolate,Chocolate de leite,Chocolate con leche,540,0,7,31.50,19.50,56.00,55.00,0.25,7.00,1.80,Kurma,Melkchocolade,Mjölkchoklad,Mælkechokolade,Melkesjokolade,Coklat susu,F,-,M,M,-,-,DE,EN,EN,EN,1,0,0,0
172,🍫,Schokoladenkuvertüre (Zartbitter),Couverture chocolate,Chocolate de cobertura,Chocolate de cobertura,560,0,7,37.00,23.00,47.00,44.00,0.02,6.00,8.00,Kismis,Pure chocolade couverture,Mörk chokladkuvertyr,Mørk chokoladeovertræk,Mørk kokesjokolade,Coklat couverture (pahit),M,-,F,F,-,-,DE,EN,EN,EN,0,1,0,0
173,🍾,Rum,Rum,Rum,Rom,225,0,7,0.00,0.00,0.00,0.00,0.00,0.00,0.00,Buah ara,Rum,Rom,Rom,Rom,Rum,M,-,M,M,-,-,DE,EN,EN,EN,0,1,0,0
174,NULL,Weißkohl,White cabbage,Repolho,Repollo,25,900,2,0.10,0.10,6.00,4.00,0.02,1.30,2.50,Biji delima,Witte kool,Vitkål,Hvidkål,Hvitkål,Kobis putih,M,-,M,M,-,-,DE,EN,EN,EN,0,1,0,0
175,NULL,Thunfischkonserve im eigenen Saft,Tuna (canned in water),Atum (ao natural),Atún (al natural),112,0,6,1.00,0.30,0.00,0.00,1.00,25.50,0.00,Beras basmati,Tonijn uit blik in eigen nat,Tonfisk i vatten,Tun i vand (dåse),Tunfisk i vann,Tuna dalam tin (dalam air),M,-,M,M,-,-,DE,EN,EN,EN,1,0,0,0
176,NULL,Hefe,Yeast,Levedura,Levadura,0,0,7,0.00,0.00,0.00,0.00,0.00,0.00,0.00,Beras jasmin,Gist,Jäst,Gær,Gjær,Yis,F,-,F,F,-,-,DE,ET,EN,EN,0,1,0,0
177,NULL,Mandeln,Almonds,Amêndoas,Almendras,579,0,7,50.00,4.00,22.00,4.50,0.01,21.00,12.50,Beras merah,Amandelen,Mandel,Mandler,Mandler,Badam,M,-,F,F,-,-,PL,EN,EN,EN,0,1,0,0
178,NULL,Cashewkerne,Cashew nuts,Castanha,Anacardos,553,0,7,40.00,7.80,30.00,5.90,0.03,18.00,3.30,Beras ketan,Cashewnoten,Cashewnötter,Cashewnødder,Cashewnøtter,Kacang gajus,PL,-,M,F,-,-,PL,EN,EN,EN,0,1,0,0
179,NULL,Datteln,Dates,Tâmaras,Dátiles,283,0,4,0.50,0.10,75.00,63.00,0.10,2.50,8.00,Tepung beras,Dadels,Dadlar,Dadler,Dadler,Kurma,M,-,PL,F,-,-,DE,EN,EN,EN,0,1,0,0
180,NULL,Erdnussbutter,Peanut butter,Manteiga de amendoim,Mantequilla de cacahuete,590,6,7,50.00,10.00,16.00,6.00,0.60,25.00,6.00,Tepung tapioka,Pindakaas,Jordnötssmör,Jordnøddesmør,Peanøttsmør,Mentega kacang,F,-,M,M,-,-,DE,EN,EN,EN,0,1,0,1
181,🫘,Rote Linsen,Red lentils,Lentilhas vermelhas,Lentejas rojas,335,0,9,1.50,0.20,50.00,1.50,0.10,26.00,18.00,Tepung jagung,Rode linzen,Röda linser,Røde linser,Røde linser,Lenti merah,PL,-,F,F,-,-,PL,EN,EN,EN,0,1,0,0
182,NULL,Gnocchi,Gnocchi,Nhoque,Ñoquis,160,0,8,0.50,0.10,36.00,0.50,1.00,3.50,2.20,Tepung kentang,Gnocchi,Gnocchi,Gnocchi,Gnocchi,Gnocchi,M,-,M,M,-,-,DE,EN,EN,EN,0,1,0,0
183,NULL,Hirse,Millet,Painço,Mijo,360,0,8,4.00,0.70,69.00,1.50,0.01,11.00,4.00,Tepung almond,Gierst,Hirs,Hirse,Hirse,Sekoi,M,-,M,M,-,-,DE,EN,EN,EN,0,1,0,0
184,NULL,Rosinen,Raisins,Uvas passas,Uvas pasas,350,0,4,0.50,0.10,69.00,65.00,0.05,2.50,4.00,Tepung chickpea,Rozijnen,Russin,Rosiner,Rosiner,Kismis,M,-,F,F,-,-,PL,EN,EN,EN,0,1,0,0
185,NULL,"Grünkohl ",Kale,Couve kale,Col rizada,43,700,2,0.90,0.10,4.00,2.10,0.05,4.30,4.20,Tepung buckwheat,Boerenkool,Grönkål,Grønkål,Grønnkål,Kale,M,-,F,M,-,-,DE,EN,EN,EN,0,1,0,0
186,NULL,Reisnudeln,Rice noodles,Massa de arroz,Fideos de arroz,360,0,8,0.80,0.30,82.00,0.20,0.05,6.00,1.00,Buckwheat,Rijstnoedels,Risnudlar,Risnudler,Risnudler,Mi beras,PL,-,M,M,-,-,DE,EN,EN,EN,0,1,0,0
187,NULL,"Sauerkraut ",Pickled cabbage,Chucrute,Chucrute,20,0,2,0.20,0.20,1.10,0.50,1.50,1.20,2.50,Roti lapis,Zuurkool,Surkål,Surkål,Surkål,Sauerkraut,N,-,M,M,-,-,DE,EN,EN,EN,0,1,0,0
188,NULL,Tempeh (natur),Tempeh,Tempeh,Tempeh,165,0,2,9.00,1.50,3.00,0.50,0.02,19.00,5.50,Roti burger,Tempé (natuur),Tempeh (naturell,Tempeh (naturel),Tempeh (naturell),Tempe (asli),M,-,M,M,-,-,DE,EN,EN,EN,0,1,0,0
189,NULL,Smelt,Smelt,Eperlano,Eperlano,94,0,1,2.50,0.50,0.00,0.00,0.15,18.00,0.00,Roti hot dog,Spiering,Nors,Smelt,Krøkle,Ikan smelt,M,-,M,M,-,-,DE,EN,ET,EN,0,1,0,0
190,NULL,Jambu,Jambu,Jambu,Jambu,22,0,2,0.30,0.10,3.50,0.50,0.05,1.90,2.50,Roti baguette,Jambu,Jambu,Jambu,Jambu,Jambu,M,-,M,M,-,-,DE,EN,EN,EN,0,1,0,0
191,NULL,Tucupi,Tucupi,Tucupi,Tucupi,28,0,7,0.10,0.00,6.50,0.20,0.01,0.50,0.50,Roti ciabatta,Tucupi,Tucupi,Tucupi,Tucupi,Tucupi,M,-,M,M,-,-,DE,EN,EN,EN,0,1,0,0
192,NULL,"Maniok Mehl ",Cassava flour,Farinha de mandioca,Harina de mandioca,360,0,7,0.00,0.00,85.00,2.00,0.00,0.00,0.00,Roti focaccia,Cassavemeel,Maniokmjöl (Kassavamjöl,Maniokmel,Maniokmel (Cassavamel),Tepung ubi kayu,N,-,F,F,-,-,DE,EN,EN,EN,0,1,0,0
193,NULL,Sardinen (in öl),Sardines (in oil),Sardinhas,Sardinas,220,0,6,14.00,3.00,0.00,0.00,1.00,24.00,0.00,Roti brioche,Sardines (in olie),Sardiner (i olja,Sardiner (i olie),Sardiner (i olje),Sardin (dalam minyak),M,-,F,F,-,-,DE,EN,EN,EN,0,1,0,1
194,NULL,Sardinen,Fresh sardines,Sardinhas frescas,Sardinas frescas,135,0,6,6.00,1.50,0.00,0.00,0.15,21.50,0.00,Roti bagel,Sardines,Sardiner,Sardiner,Sardiner,Sardin,M,-,F,F,-,-,DE,EN,EN,EN,0,1,0,0
195,NULL,Sesamöl,Sesame oil,Óleo de sésamo,Aceite de sésamo,828,0,7,92.00,13.00,0.00,0.00,0.00,0.00,0.00,Croissant,Sesamolie,Sesamolja,Sesamolie,Sesamolje,Minyak bijan,N,-,M,M,-,-,DE,EN,EN,EN,0,1,0,1
196,NULL,Erdnuss,Peanuts,Amendoim (torrado),Cacahuetes,585,0,7,49.70,7.00,16.00,4.00,0.01,26.00,8.50,Donat,Pinda,Jordnöt,Jordnød,Peanøtt,Kacang tanah,M,-,PL,M,-,-,DE,ET,EN,ET,0,1,0,0
197,NULL,Venusmuscheln,Venus clams,Amêijoas,Almejas,74,0,6,1.00,0.10,4.00,0.00,1.20,12.00,0.00,Kue,Venusschelpen,Hjärtmusslor,Venusskaller,Hjerteskjell,Kerang venus,M,-,F,F,-,-,PL,EN,EN,EN,0,1,0,0
198,🧄,Knoblauchzehe,Garlic,Alho,Ajo,0,0,2,0.00,0.00,0.00,0.00,0.00,0.00,0.00,Biskuit,Knoflookteentje,Vitlöksklyfta,Hvidløgsfed,Hvitløksfedd,Ulas bawang putih,M,-,M,M,-,-,DE,EN,EN,EN,0,1,0,0
199,NULL,Pancetta,Pancetta,Pancetta,Panceta,350,0,1,30.00,12.00,0.50,0.00,3.50,19.00,0.00,Wafel,Pancetta,Pancetta,Pancetta,Pancetta,Pancetta,M,-,F,F,-,-,DE,EN,EN,EN,0,1,0,0
200,🥛,Ricotta,Ricotta cheese,Ricota,Requesón,150,0,3,12.00,8.00,3.50,3.00,0.25,7.50,0.00,Pancake,Ricotta,Ricotta,Ricotta,Ricotta,Keju Ricotta,M,-,M,F,-,-,DE,EN,EN,EN,0,0,1,0
201,🌶️,Poblano-Chilis,Poblano pepper,Pimenta Poblano,Chile poblano,28,100,2,0.40,0.10,6.00,3.50,0.01,1.20,2.80,Crepe,Poblano pepers,Poblano-chili,Poblano-chili,Poblano-chili,Cili Poblano,M,-,M,M,-,-,DE,EN,EN,EN,0,1,0,0
202,🌶️,"Jalapenjos ",Jalapeno pepper,Jalapeño,Jalapeño,29,0,2,0.40,0.10,6.50,4.00,0.01,0.90,2.80,Sirup,Jalapeño's,Jalapeños,Jalapeños,Jalapeños,Cili Jalapeno,M,-,M,M,-,-,DE,EN,EN,EN,0,1,0,0
203,NULL,Hominy,Hominy,Milho para canjica,Maíz pozolero,85,0,2,1.00,0.10,14.00,1.50,0.60,2.00,2.50,Gula bubuk,Hominy,Hominy,Hominy,Hominy,Hominy,M,-,M,F,-,-,DE,EN,EN,EN,0,1,0,0
204,🍅,Tomatillos,Tomatillos,Tomatillo,Tomatillo,32,50,2,0.60,0.10,6.00,4.00,0.01,1.00,2.00,Gula merah,Tomatillo's,Tomatillos,Tomatillos,Tomatillos,Tomatillo,M,-,M,M,-,-,DE,EN,EN,EN,0,1,0,0
205,NULL,Chorizo,Chorizo (cured),Chouriço,Chorizo,455,0,1,38.00,15.50,2.00,1.00,3.50,24.00,0.00,Gula tebu,Chorizo,Chorizo,Chorizo,Chorizo,Chorizo,M,-,M,M,-,-,DE,EN,EN,EN,0,1,0,0
206,NULL,"Wiener Würstchen ",Vienna sausage,Salsicha (tipo Viena),"Salchicha de Viena ",270,0,1,24.00,9.50,0.50,0.50,2.20,13.00,0.00,Stevia,Wiener worstjes,Wienerkorv,Wienerpølser,Wienerpølser,Sosej Vienna,M,-,F,M,-,-,DE,EN,EN,EN,0,1,0,0
207,NULL,Hühnerbrühe,Chicken broth,Caldo de galinha,Caldo de pollo,15,0,7,0.00,0.00,0.00,0.00,0.00,0.00,0.00,Pemanis,Kippenbouillon,Kycklingbuljong,Kyllingebouillon,Kyllingbuljong,Stok ayam,F,-,M,F,-,-,DE,EN,EN,EN,1,0,0,0
208,NULL,Radieschen,Radish,Rabanete,Rábano,16,0,2,0.10,0.00,2.00,1.90,0.05,0.70,1.60,Jeli,Radijsjes,Rädisor,Radiser,Reddik,Lobak putih kecil (radish),M,-,M,M,-,-,DE,EN,EN,EN,0,1,0,0
209,NULL,Salsa Verde,Salsa Verde,Molho Verde,Salsa Verde,35,0,7,0.00,0.00,0.00,0.00,1.80,0.00,0.00,Gelatin,Salsa Verde,Salsa Verde,Salsa Verde,Salsa Verde,Salsa Verde,M,-,M,M,-,-,DE,EN,EN,EN,0,1,0,0
210,NULL,"Butternuss-Kürbis ",Butternut squash,Abóbora Butternut,Calabaza Butternut,45,0,2,0.10,0.10,11.70,2.20,0.01,1.00,2.00,Agar-agar,Flespompoen,Butternutpumpa,Butternutsquash,Butternøttgresskar,Labu manis (Butternut),M,-,M,M,-,-,PL,EN,EN,EN,0,1,0,1
211,NULL,Grünen Spargel,Green asparagus,Espargos verdes,Espárragos verdes,20,0,2,0.10,0.10,2.00,1.80,0.01,2.20,2.10,Puding,Groene asperges,Grön sparris,Grønne asparges,Grønn asparges,Asparagus hijau,M,-,PL,PL,-,-,DE,EN,EN,EN,0,1,0,0
212,NULL,Weißen Spargel,White asparagus,Espargos brancos,Espárragos blancos,18,0,2,0.10,0.10,2.20,1.90,0.01,2.00,1.50,Es krim,Witte asperges,Vit sparris,Hvide asparges,Hvit asparges,Asparagus putih,M,-,M,M,-,-,DE,EN,EN,EN,0,1,0,0
213,🍅,"Gehackte Tomaten (Dose, Natur)",Chopped tomatoes,Tomate picado,Tomate troceado,22,400,2,0.20,0.00,3.50,3.00,0.10,1.00,1.00,Sorbet,Gepelde tomaten (blik),Krossade tomater,Hakkede tomater (dåse),Hakkede tomater (boks),Tomato cincang (tin),PL,-,M,M,-,-,DE,EN,EN,EN,0,1,0,0
214,NULL,Mandelmehl,Almond flour,Farinha de amêndoa (desengordurada),Harina de almendra,370,0,7,13.00,1.50,7.00,6.50,0.01,50.00,12.00,Sherbet,Amandelmeel,Mandelmjöl,Mandelmel,Mandelmel,Tepung badam,N,-,F,M,-,-,DE,EN,EN,EN,0,1,0,0
215,NULL,Sucuk,Sucuk,Sucuk,Sucuk,380,0,1,35.00,17.00,2.00,1.00,3.00,16.00,0.00,Keju krim,Sucuk,Sucuk,Sucuk,Sucuk,Sucuk,M,-,M,M,-,-,DE,EN,EN,EN,0,1,0,0
216,NULL,Paprikapulver (edelsüß),Sweet Paprika,Colorau,Pimentón dulce,282,2,5,0.00,0.00,0.00,0.00,0.00,0.00,0.00,Ricotta,Paprikapoeder (mild),Paprikapulver (sött,Paprika (sød),Paprikapulver (søtt),Serbuk paprika (manis),N,-,M,M,-,-,DE,ET,EN,EN,0,1,0,0
217,NULL,Grüner Pfeffer,Green peppercorns,Pimenta verde,Pimienta verde,0,4,5,0.00,0.00,0.00,0.00,0.00,0.00,0.00,Mascarpone,Groene peper,Grönpeppar,Grøn peber,Grønn pepper,Lada hijau,M,-,M,M,-,-,DE,EN,EN,EN,0,1,0,0
218,🥩,Rinderhackfleisch,Minced beef,Carne moída (de boi/vaca),Carne picada,250,0,1,20.00,8.50,0.00,0.00,0.15,17.50,0.00,Gouda,Rundergehakt,Nötfärs,Hakket oksekød,Kjøttdeig av storfe,Daging lembu kisar,N,-,F,M,-,-,DE,EN,EN,EN,0,1,0,0
219,NULL,Schweinehackfleisch,Pork mince,Carne moída de porco,Carne picada de cerdo,290,0,1,23.00,8.50,0.00,0.00,0.15,17.00,0.00,Cheddar,Varkensgehakt,Fläskfärs,Hakket svinekød,Kjøttdeig av svin,Daging babi kisar,N,-,M,M,-,-,DE,EN,EN,EN,1,0,0,0
220,NULL,Gemischtes Hackfleisch (50% Rind / 50% Schwein),Mixed minced meat,Carne moída mista (boi e porco),Carne picada mixta,270,0,1,22.00,9.00,0.00,0.00,0.15,18.00,0.00,Emmental,Half-om-half gehakt,Blandfärs,Hakket kalv og flæsk,Blandingsdeig,Daging kisar campur,N,-,F,M,-,-,DE,EN,EN,EN,1,0,0,0
221,NULL,Kokosmehl,Coconut flour,Farinha de coco,Harina de coco,350,0,7,12.00,11.00,21.00,20.00,0.10,19.00,38.00,Brij,Kokosmeel,Kokosmjöl,Kokosmel (fin),Kokosmel,Tepung kelapa,N,-,M,M,-,-,DE,EN,EN,EN,0,1,0,0
222,NULL,Kümmel (gemahlen),Caraway (ground),Alcaravia (moída),Alcaravea,0,0,5,0.00,0.00,0.00,0.00,0.00,0.00,0.00,Camembert,Karwijzaad (gemalen),Kummin (malen,Kommen (stødt),Karve (malt),Jintan manis (serbuk),M,-,F,M,-,-,DE,EN,EN,EN,0,1,0,0
223,NULL,Reismehl,Rice flour,Farinha de arroz,Harina de arroz,365,0,7,1.00,0.20,80.00,0.20,0.01,6.00,2.50,Blue cheese,Rijstmeel,Rismjöl,Rismel,Rismel,Tepung beras,N,-,M,M,-,-,DE,EN,EN,EN,0,1,0,0
224,NULL,Apfelwein,Cider,Sidra,Sidra,40,0,7,0.00,0.00,3.00,1.50,0.01,0.00,0.00,Gravy,Appelcider,Cider,Æblecider,Eplecider,Sider epal,M,-,F,F,-,-,DE,EN,EN,EN,1,0,0,0
225,NULL,Vanillezucker,Vanilla sugar,Açúcar baunilhado,Azúcar avainillado,398,4,7,0.00,0.00,98.00,98.00,0.00,0.00,0.00,Saus,Vanillesuiker,Vaniljsocker,Vaniljesukker,Vaniljesukker,Gula vanila,M,-,M,M,-,-,DE,EN,EN,EN,0,1,0,0
226,NULL,Puddingpulver (Vanille),Vanilla pudding powder,Pudim em pó (sabor baunilha),Preparado para flan,350,5,7,0.00,0.00,87.00,0.00,0.00,0.00,0.00,Saus putih,Puddingpoeder (vanille),Puddingpulver (vanilj,Buddingpulver (vanilje),Vaniljepuddingpulver,Serbuk puding (vanila),N,-,M,M,-,-,DE,EN,EN,EN,0,1,0,0
227,🥚,Eigelb,Egg yolk,Gema (de ovo),Yema (de huevo),322,20,7,26.50,9.50,3.50,0.50,0.01,16.00,0.00,Saus cokelat,Eigeel,Äggula,Æggeblomme,Eggeplomme,Kuning telur,M,-,M,M,-,-,DE,EN,EN,EN,0,1,0,0
228,NULL,Wirsing,Savoy cabbage,Couve lombarda,Col de Milán,27,900,2,0.40,0.10,3.00,2.00,0.02,2.00,2.50,Saus karamel,Savooiekool,Savoykål,Savoykål,Savoykål,Kobis Savoy,M,-,M,F,-,-,DE,EN,EN,EN,0,1,0,0
229,NULL,Sojagranulat,Soya mince,Proteína de soja texturizada (fina),Soja texturizada (fina),330,0,7,1.20,0.20,30.00,10.00,0.20,50.00,18.00,Saus vanila,Sojagranulaat,Sojafärs (torkad,Sojagranulat,Sojagranulat,Granul soya,M,-,M,M,-,-,DE,EN,ET,ET,0,1,0,0
230,🍋,Zitronen,Lemon,Limão,Limón,35,0,4,0.30,0.20,9.00,2.50,0.01,1.00,2.80,Saus pesto,Citroenen,Citroner,Citroner,Sitroner,Lemon,M,-,M,M,-,-,PL,EN,EN,EN,0,1,0,0
231,🥚,Eiweiß,Egg white,Clara (de ovo),Clara (de huevo),50,40,7,0.00,0.00,0.00,0.00,0.00,11.00,0.00,Pesto,Eiwit,Äggvita,Æggehvide,Eggehvite,Putih telur,M,-,M,M,-,-,DE,EN,EN,EN,0,1,0,0
232,NULL,Zuckerschoten,Snow peas,Ervilha torta,Tirabeques,42,0,2,0.20,0.00,7.50,4.00,0.01,3.30,2.60,Tomat pasta,Peultjes,Sockerärtor,Slikærter,Sukkererter,Kacang pea manis,PL,-,PL,F,-,-,DE,EN,EN,EN,0,1,0,0
233,🌶️,Chiliflocken,Chili flakes,Pimenta calabresa,Hojuelas de chile,0,3,5,0.00,0.00,0.00,0.00,0.00,0.00,0.00,Tomat puree,Chilivlokken,Chiliflingor,Chiliflager,Chiliflak,Serpihan cili,PL,-,M,F,-,-,PL,EN,EN,EN,0,1,0,0
234,NULL,Dorade,Gilt-head (sea) bream,Dourada,Dorada,96,0,6,2.50,0.60,0.00,0.00,0.10,19.00,0.00,Tomat passata,Dorade,Dorada,Dorade,Dorade,Ikan Dorada,M,-,F,F,-,-,DE,EN,EN,EN,0,1,0,0
235,🍗,Entenkeule,Duck leg,Perna de pato,Muslo de pato,282,350,1,22.00,7.50,0.00,0.00,0.10,19.00,0.00,Saus bolognese,Eendenpoot,Anklår,Andelår,Andelår,Peha itik,F,-,M,M,-,-,DE,EN,EN,EN,0,1,0,0
236,🍗,Entenbrust,Duck breast,Peito de pato,Pechuga de pato,337,350,1,28.00,9.50,0.00,0.00,0.10,19.00,0.00,Saus carbonara,Eendenborst,Ankbröst,Andebryst,Andebryst,Dada itik,M,-,M,M,-,-,DE,ET,ET,ET,0,1,0,0
237,NULL,Salsiccia,Italian sausage,Linguiça toscana,Salchicha fresca,320,120,1,27.00,10.00,1.00,0.00,2.20,17.00,0.00,Saus alfredo,Salsiccia,Salsiccia,Salsiccia,Salsiccia,Salsiccia (sosej Itali),M,-,F,F,-,-,DE,EN,EN,EN,0,1,0,0
238,NULL,Wolfsbarsch (Branzino),Branzino,Robalo,Lubina,97,500,6,2.00,0.50,0.00,0.00,0.10,18.00,0.00,Saus curry,Zeebaars,Havsabborre,Havaborre,Havabbor,Ikan siakap,M,-,F,M,-,-,DE,EN,EN,EN,0,1,0,0
239,🦑,Oktopus,Octopus,Polvo,Pulpo,82,800,6,1.00,0.20,2.20,0.00,0.60,15.00,0.00,Kari,Octopus,Bläckfisk (oktopus,Blæksprutte (octopus),Oktopus,Sotong kurita,M,-,M,M,-,-,DE,EN,EN,EN,0,1,0,0
240,🫘,Weiße Bohnen,White beans,Feijão branco,Alubias blancas,300,0,9,1.50,0.20,45.00,2.50,0.20,21.00,18.00,Kunyit,Witte bonen,Vita bönor,Hvide bønner,Hvite bønner,Kacang putih,PL,-,F,M,-,-,PL,EN,EN,EN,0,1,0,0
241,🍗,Putenkeule,Turkey leg,Coxa de peru,Muslo de pavo,170,1000,1,9.00,3.00,0.00,0.00,0.15,21.00,0.00,Jahe,Kalkoenpoot,Kalkonlår,Kalkunlår,Kalkunlår,Peha ayam belanda,F,-,M,M,-,-,DE,EN,EN,EN,0,1,0,0
242,NULL,Rote Bohnenpaste,Red bean paste,Doce de feijão azuki,Pasta de judías rojas,240,8,7,0.00,0.00,53.00,40.00,0.15,0.00,0.00,Bawang merah,Rode bonenpasta,Röd bönpasta,Rød bønnepasta,Rød bønnepasta,Pes kacang merah,F,-,F,M,-,-,DE,EN,EN,EN,0,0,1,0
243,NULL,Mungbohnen,Mung beans,Feijão-mungo,Judía mungo,347,0,9,0.00,0.00,63.00,6.50,16.00,24.00,0.00,Cabai,Mungbonen,Mungbönor,Mungbønner,Mungbønner,Kacang hijau,PL,-,M,M,-,-,PL,EN,EN,EN,0,1,0,0
244,NULL,Chia-Samen,Chia seeds,Sementes de chia,Semillas de chía,486,4,7,31.00,3.30,42.00,0.00,0.01,17.00,34.00,Cabai bubuk,Chia-zaad,Chiafrön,Chiafrø,Chiafrø,Biji chia,M,-,F,F,-,-,DE,EN,EN,EN,0,1,0,0
245,NULL,Erythrit,Erythritol,Eritritol,Eritritol,0,0,7,0.00,0.00,100.00,0.00,0.00,0.00,0.00,Cabai kering,Erythritol,Erytritol,Erythritol,Erytritol,Eritritol,M,-,M,M,-,-,DE,EN,EN,EN,0,1,0,0
246,NULL,Wacholderbeeren,Juniper berries,Bagas de zimbro,Bayas de enebro,0,0,5,0.00,0.00,0.00,0.00,0.00,0.00,0.00,Cabai segar,Jeneverbessen,Enbär,Enebær,Enerbær,Beri juniper,PL,-,M,M,-,-,PL,EN,EN,EN,0,1,0,0
247,NULL,Geräucherter Lachs,Smoked salmon,Salmão fumado,Salmón ahumado,180,0,6,10.00,1.80,0.00,0.00,3.00,22.00,0.00,Cabai hijau,Gerookte zalm,Rökt lax,Røget laks,Røkt laks,Salmon salai,M,-,M,M,-,-,DE,EN,EN,EN,0,1,0,0
248,🧅,Perlzwiebeln,Pearl onions,Cebolinha pérola,Cebollitas perla,42,13,2,0.20,0.00,9.50,5.00,0.01,1.30,1.50,Cabai merah,Zilveruitjes,Syltlök,Sølvløg,Sølvløk,Bawang mutiara,F,-,F,F,-,-,DE,EN,EN,EN,0,1,0,0
249,NULL,Geräucherter Tofu,Smoked tofu,Tofu fumado,Tofu ahumado,140,0,7,8.50,1.50,1.50,0.50,1.40,14.00,0.00,Cabe rawit,Gerookte tofu,Rökt tofu,Røget tofu,Røkt tofu,Tahu salai,M,-,M,M,-,-,DE,EN,EN,EN,0,1,0,0
250,NULL,Jackfruit (aus der Dose),Young Green Jackfruit,Jaca (verde),Yaca,22,0,4,0.30,0.10,1.50,0.00,1.50,1.10,2.50,Cabe jalapeno,Jackfruit (uit blik),Jackfrukt (på burk),Jackfrugt (på dåse),Jackfrukt (på boks),Nangka (dalam tin),M,-,F,M,-,-,DE,EN,EN,EN,0,1,0,0
251,NULL,Grieß (Weizen),Semolina,Sêmola (de trigo),Sémola (de trigo),330,0,8,1.00,0.00,69.00,2.50,0.01,11.00,4.00,Cabe habanero,Griesmeel (tarwe),Mannagryn,Gryn (hvede),Semulegryn,Semolina,M,-,M,M,-,-,DE,EN,EN,EN,0,1,0,0
252,NULL,Kalbsnieren,Veal kidneys,Rins de vitela,Riñones de ternera,112,0,1,4.50,1.50,1.00,0.00,0.15,16.00,0.00,Cabe serrano,Kalfsnieren,Kalvnjurar,Kalvenyrer,Kalvenyrer,Buah pinggang anak lembu,M,-,F,F,-,-,PL,EN,EN,EN,0,1,0,0
253,NULL,Muskat-Kürbis,Musquée de Provence pumpkin,Abóbora almiscarada,Calabaza moscada,25,0,2,0.10,0.00,4.10,2.80,0.01,1.10,1.50,Cabe poblano,Muskaatpompoen,Myskpumpa,Moskusgræskar,Muskatgresskar,Labu pala,M,-,F,F,-,-,PL,EN,EN,EN,0,1,0,0
254,🥑,Avocado,Avocado,Palta,Aguacate,160,200,2,15.00,2.10,9.50,0.70,0.01,2.00,7.00,Cabe ancho,Avocado,Avokado,Avocado,Avokado,Avokado,M,-,M,F,-,-,DE,EN,EN,EN,0,1,0,0
255,NULL,Zwiebelpulver,Onion powder,Cebola em pó,Cebolla en polvo,0,2,5,0.00,0.00,0.00,0.00,0.00,0.00,0.00,Cabe chipotle,Uienpoeder,Lökpulver,Løgpulver,Løkpulver,Serbuk bawang besar,N,-,M,M,-,-,DE,EN,EN,EN,0,1,0,0
256,NULL,Reispapierblätter,Reispapierblätter,Folha de arroz,Papel de arroz,0,0,7,0.00,0.00,0.00,0.00,0.00,0.00,0.00,Cabe paprika,Rijstpapier,Rispapper,Rispapir,Rispapir,Kertas beras,PL,-,M,M,-,-,DE,EN,EN,EN,0,1,0,0
257,🍙,Basmatireis,Basmati rice,Arroz basmati,Arroz basmati,365,0,8,2.00,0.00,78.00,0.20,0.01,9.00,1.50,Cabe manis,Basmatirijst,Basmatiris,Basmatiris,Basmatiris,Beras Basmati,M,-,M,M,-,-,DE,EN,EN,EN,0,1,0,0
258,NULL,Aquafaba (Kichererbsenwasser),Aquafaba,Aquafaba,Aquafaba,18,0,7,0.00,0.00,0.00,0.00,0.00,0.00,0.00,Cabe pedas,Aquafaba (kikkererwtenvocht),Aquafaba (kikärtsspad,Aquafaba (kikærtevand),Aquafaba (kikertervann),Aquafaba (air kacang kuda),M,-,F,F,-,-,DE,EN,EN,EN,1,0,0,0
259,🥒,Essiggurken,Pickles,Pepinos em conserva,Pepinillos,30,0,2,0.00,0.00,0.00,0.00,0.00,0.00,0.00,Cabe asap,Augurken,Inlagd gurka,Syltede agurker,Sylteagurk,Acar timun,M,-,M,F,-,-,PL,EN,EN,EN,1,0,0,0
260,NULL,Vorgekochte Maronen,Cooked chestnuts,Castanhas cozidas,Castañas cocidas,200,0,7,1.50,0.00,42.00,9.00,0.01,3.00,5.00,Cabe panggang,Gekookte kastanjes,Kokta kastanjer,Kogte kastanjer,Kokte kastanjer,Buah berangan (siap masak),M,-,F,F,-,-,DE,EN,EN,EN,0,1,0,0
261,🥩,Ochsenbäckchen,Beef cheeks,Bochechas de boi,Carrilleras de ternera,160,400,1,5.00,2.20,0.00,0.00,0.15,28.00,0.00,Cabe bubuk asap,Ossenwangen,Oxkind,Oksekæber,Oksekjaker,Pipi lembu,M,-,F,M,-,-,PL,EN,EN,EN,0,1,0,0
262,🥔,"Pommes ",French fries,Batatas fritas (palito),Patatas fritas,150,0,2,2.00,0.60,24.00,0.50,0.10,2.50,2.50,Bawang bombay,Patat,Pommes frites,Pommes frites,Pommes frites,Kentang goreng,M,-,F,M,-,-,DE,EN,EN,EN,0,1,0,0
263,🥛,Paneer,Paneer,Paneer,Paneer,290,0,3,23.00,15.00,3.00,3.00,0.10,18.00,0.00,Bawang daun,Paneer,Paneer,Paneer,Paneer,Paneer,M,-,M,M,-,-,DE,EN,EN,EN,0,1,0,0
264,🍄‍🟫,Riesen-Champignon,Portobello mushroom,Cogumelo Portobello,Champiñón Portobello,22,90,2,0.30,0.00,3.90,2.50,0.02,2.10,1.30,Daun bawang,Portobello,Portobello,Portobello,Portobello-sopp,Cendawan Portobello,M,-,M,M,-,-,DE,EN,EN,EN,0,1,0,0
265,NULL,Kabeljaufilets,Cod fillets,Bacalhau fresco,Bacalao fresco,75,150,6,0.60,0.10,0.00,0.00,0.20,17.50,0.00,Seledri,Kabeljauwfilets,Torskfilé,Torskefilet,Torskefilet,Filet ikan kod,M,-,M,M,-,-,DE,EN,ET,ET,0,1,0,0
266,NULL,Himbeeren,Raspberries,Framboesas,Frambuesas,43,0,4,0.30,0.00,4.80,4.40,0.01,1.30,6.70,Seledri akar,Frambozen,Hallon,Hindbær,Bringebær,Rasberi,PL,-,F,F,-,-,PL,EN,EN,EN,0,1,0,0
267,NULL,Grüne Linsen,Green lentils,Lentilhas verdes,Lentejas verdes,350,0,9,1.50,0.20,53.00,2.00,0.02,25.00,16.00,Zucchini,Groene linzen,Gröna linser,Grønne linser,Grønne linser,Lenti hijau,PL,-,PL,PL,-,-,PL,EN,EN,EN,0,1,0,0
268,NULL,Jakobsmuscheln,Scallops,Vieiras,Vieiras,111,40,6,0.80,0.10,2.40,0.00,0.40,20.40,0.00,Aubergine,Sint-jakobsschelpen,Pilgrimsmusslor,Kammuslinger,Kamskjell,Kerang simping (scallops),M,-,F,F,-,-,PL,EN,EN,EN,0,1,0,0
269,NULL,Kadaif,Kataifi pastry,Massa Kataifi,Masa Kataifi,300,0,7,0.00,0.00,60.00,0.00,0.00,8.00,0.00,Terong,Kadaif,Kadaif,Kadaif,Kadaif,Kadaif,M,-,M,M,-,-,DE,EN,EN,EN,0,1,0,0
270,NULL,Zanderfilets,Pike-perch,Lúcio-perca,Lucioperca,84,200,6,0.70,0.10,0.00,0.00,0.10,19.20,0.00,Kubis,Snoekbaarsfilets,Gösfilé,Sandartfilet,Gjørsfilet,Filet ikan zander,M,-,F,F,-,-,DE,EN,ET,ET,0,1,0,0
271,NULL,Grüner Kardamom,Green Cardamom pods,Cardamomo (em vagem),Cardamomo (en vaina),0,0,5,0.00,0.00,0.00,0.00,0.00,0.00,0.00,Kubis merah,Groene kardemom,Grön kardemumma,Grøn kardemomme,Grønn kardemomme,Buah pelaga hijau,M,-,M,M,-,-,DE,EN,EN,EN,0,1,0,0
272,NULL,Kartoffelstärke,"Potato starch ",Fécula de batata,Fécula de patata,0,0,7,0.00,0.00,0.00,0.00,0.00,0.00,0.00,Kubis putih,Aardappelzetmeel,Potatismjöl,Kartoffelmel,Potetmel,Pati kentang,F,-,F,F,-,-,DE,EN,EN,EN,0,1,0,0
273,🍋,Zitronenabrieb,Lemon zest,Raspas de limão,Ralladura de limón,0,0,4,0.00,0.00,0.00,0.00,0.00,0.00,0.00,Kubis savoy,Citroenrasp,Citronskal (rivet,Citronskal (revet),Sitronskall (revet),Parutan kulit lemon,M,-,M,M,-,-,DE,ET,EN,EN,0,1,0,0
274,🍄‍🟫,Steinpilze,Porcini mushrooms,Cogumelos Porcini,Boletus,0,0,2,0.00,0.00,0.00,0.00,0.00,0.00,0.00,Kubis brussels,Eekhoorntjesbrood,Karljohansvamp,Karl Johan svampe,Steinsopp,Cendawan porcini,PL,-,M,M,-,-,DE,EN,EN,EN,0,1,0,0
275,NULL,Seehecht,Hake,Pescada,Merluza,78,0,6,1.20,0.30,0.00,0.00,0.01,16.80,0.00,Sawi,Heek,Kummel,Kulmule,Lysing,Ikan hake,M,-,F,F,-,-,DE,EN,EN,EN,0,1,0,0
276,NULL,Salz,Salt,Sal,Sal,0,5,5,0.00,0.00,0.00,0.00,100.00,0.00,0.00,Sawi hijau,Zout,Salt,Salt,Salt,Garam,N,-,M,M,-,-,DE,ET,ET,ET,0,1,0,0
277,🧂,Pfeffer,Pepper,Pimenta do reino,Pimienta,0,2,5,0.00,0.00,0.00,0.00,0.00,0.00,0.00,Sawi putih,Peper,Peppar,Peber,Pepper,Lada hitam,M,-,F,M,-,-,DE,EN,EN,EN,0,1,0,0
278,NULL,Fenchel,Fennel,Funcho,Hinojo,31,250,2,0.20,0.03,7.30,3.90,0.02,1.20,3.10,Pak choi,Venkel,Fänkål,Fennikel,Fennikel,Adas,M,-,M,M,-,-,DE,EN,EN,EN,0,1,0,0
279,NULL,Artischocke,Artichoke,Alcachofra,Alcachofa,47,120,2,0.20,0.05,10.50,1.00,0.09,3.30,5.40,Bok choy,Artisjok,Kronärtskocka,Artiskok,Artisjokk,Articok,M,-,F,F,-,-,DE,EN,EN,EN,0,1,0,0
280,🥬,Pak Choi,Bok choy,Acelga chinesa,Pak choi,13,220,2,0.20,0.03,2.20,1.20,0.06,1.50,1.00,Kale,Paksoi,Pak choi,Pak choi,Pak choi,Pak choy,M,-,M,F,-,-,DE,EN,EN,EN,0,1,0,0
281,NULL,Rosenkohl,Brussels sprouts,Couve-de-bruxelas,Coles de Bruselas,43,0,2,0.30,0.06,9.00,2.20,0.03,3.40,3.80,Kembang kol,Spruitjes,Brysselkål,Rosenkål,Rosenkål,Kobis Brussel,M,-,F,F,-,-,DE,EN,EN,EN,0,1,0,0
282,NULL,Pastinake,Parsnip,Pastinaca,Chirivía,75,0,2,0.30,0.05,18.00,4.80,0.02,1.20,4.90,Brokoli,Pastinaak,Palsternacka,Pastinak,Pastinakk,Parsnip,M,-,F,F,-,-,DE,EN,EN,EN,0,1,0,0
283,NULL,Schwarzwurzel,Salsify,Salsifi,Salsifí,82,0,2,0.20,0.05,18.00,2.00,0.02,3.30,3.30,Asparagus,Schorseneren,Svartrot,Skorzonerrod,Svartrot,Akar hitam (salsify),M,-,M,M,-,-,PL,ET,EN,ET,0,1,0,0
284,NULL,Schwarzer Rettich,Black radish,Rabanete preto,Rábano negro,16,0,2,0.10,0.02,3.40,1.90,0.02,0.80,1.60,Artichoke,Rammenas,Svart rättika,Sort rædikke,Svart reddik,Lobak hitam,M,-,M,M,-,-,DE,EN,EN,EN,0,1,0,0
285,NULL,Radicchio,Radicchio,Radicchio,Radicchio,23,300,2,0.30,0.05,4.50,0.60,0.04,1.40,2.00,Zaitun hijau,Radicchio,Radicchio,Radicchio,Radicchio,Radicchio,M,-,M,M,-,-,DE,EN,EN,EN,0,1,0,0
286,🥬,Endivie,Endive,Endívia,Endibia,17,350,2,0.20,0.03,3.40,0.30,0.06,1.30,3.10,Zaitun hitam,Andijvie,Endive,Endivie,Endivie,Endive,M,-,F,F,-,-,DE,EN,EN,EN,0,1,0,0
287,NULL,Chicorée,Belgian endive,Chicória belga,Endibia belga,17,90,2,0.10,0.02,3.40,0.30,0.06,1.20,3.10,Capers,Witlof,Salladscikoria,Julesalat,Sikori,Chicory,M,-,F,F,-,-,DE,EN,ET,EN,0,1,0,0
288,NULL,Spitzkohl,Pointed cabbage,Couve pontiaguda,Col puntiaguda,23,900,2,0.20,0.04,4.70,2.60,0.02,1.30,2.50,Acar,Spitskool,Spetskål,Spidskål,Spisskål,Kobis tirus,M,-,F,F,-,-,DE,EN,EN,EN,0,1,0,0
289,NULL,Okra,Okra,Quiabo,Okra,33,0,2,0.20,0.05,7.50,1.50,0.02,1.90,3.20,Acar timun,Okra,Okra,Okra,Okra,Bendi,M,-,F,M,-,-,DE,EN,EN,EN,0,1,0,0
290,🫚,Topinambur,Jerusalem artichoke,Topinambo,Topinambur,73,0,2,0.20,0.03,17.40,2.40,0.01,2.00,1.60,Acar bawang,Aardpeer,Jordärtskocka,Jordskok,Jordskokk,Topinambur,M,-,M,M,-,-,DE,EN,EN,EN,0,1,0,0
291,NULL,Rhabarber,Rhubarb,Ruibarbo,Ruibarbo,21,0,4,0.20,0.05,4.50,1.10,0.01,0.90,1.80,Acar paprika,Rabarber,Rabarber,Rabarber,Rabarber,Rhabarber,M,-,M,M,-,-,DE,EN,EN,EN,0,1,0,0
292,NULL,Granatapfel,Pomegranate,Romã,Granada,83,300,4,1.20,0.10,18.70,13.70,0.01,1.70,4.00,Acar wortel,Granaatappel,Granatäpple,Granatæble,Granateple,Buah delima,M,-,F,M,-,-,DE,EN,EN,EN,0,1,0,0
293,NULL,Kiwi,Kiwi,Kiwi,Kiwi,61,75,4,0.50,0.03,14.70,9.00,0.01,1.10,3.00,Acar kubis,Kiwi,Kiwi,Kiwi,Kiwi,Kiwi,M,-,M,M,-,-,DE,EN,EN,EN,0,1,0,0
294,🍑,Pfirsich,Peach,Pêssego,Melocotón,39,150,4,0.30,0.03,9.50,8.40,0.00,0.90,1.50,Acar jahe,Perzik,Persika,Fersken,Fersken,Pic,M,-,M,M,-,-,DE,EN,EN,EN,0,1,0,0
295,🍑,Aprikose,Apricot,Damasco,Albaricoque,48,35,4,0.40,0.03,11.10,9.20,0.00,1.40,2.00,Acar cabai,Abrikoos,Aprikos,Abrikos,Aprikos,Aprikot,M,-,M,M,-,-,DE,EN,EN,EN,0,1,0,0
296,NULL,Brombeeren,Blackberries,Amoras,Moras,43,0,4,0.50,0.05,9.60,4.90,0.00,1.40,5.30,Acar bawang putih,Braambessen,Björnbär,Brombær,Bjørnebær,Beri hitam,PL,-,F,F,-,-,PL,EN,EN,EN,0,1,0,0
297,NULL,Johannisbeeren,Currants,Groselhas,Grosellas,56,0,4,0.20,0.02,13.80,7.40,0.00,1.40,4.30,Acar tomat,Aalbessen,Vinbär,Ribs,Rips,Currant,PL,-,F,F,-,-,PL,EN,EN,EN,0,1,0,0
298,NULL,Cranberries,Cranberries,Oxicocos,Arándanos rojos,46,0,4,0.10,0.02,12.20,4.00,0.00,0.40,4.60,Acar jamur,Cranberry's,Tranbär,Tranebær,Tranebær,Kranberi,M,-,M,M,-,-,DE,EN,EN,EN,0,1,0,0
299,NULL,Maracuja,Passion fruit,Maracujá,Maracuyá,97,45,4,0.70,0.10,23.40,11.20,0.00,2.20,10.40,Acar zaitun,Passievrucht,Passionsfrukt,Passionsfrugt,Pasjonsfrukt,Markisa,M,-,M,M,-,-,DE,ET,ET,ET,0,1,0,0
300,NULL,Papaya,Papaya,Mamão,Papaya,43,600,4,0.30,0.10,10.80,7.80,0.01,0.50,1.70,Acar capers,Papaja,Papaya,Papaya,Papaya,Betik,M,-,F,M,-,-,DE,EN,EN,EN,0,1,0,0
301,NULL,Feigen,Figs,Figos,Higos,74,50,4,0.30,0.05,19.20,16.30,0.01,0.80,2.90,Acar artichoke,Vijgen,Fikon,Figner,Fiken,Buah ara,M,-,M,M,-,-,PL,EN,EN,EN,0,1,0,0
302,🥝,Kaki,Persimmon,Caqui,Caqui,70,200,4,0.20,0.05,18.60,12.50,0.00,0.60,3.60,Acar asparagus,Kaki,Kaki,Kaki,Kaki,Pisang kaki,M,-,M,M,-,-,DE,EN,EN,EN,0,1,0,0
303,NULL,Buchweizen,Buckwheat,Trigo-sarraceno,Trigo sarraceno,343,0,8,3.40,0.70,71.50,1.10,0.01,13.30,10.00,Acar brokoli,Boekweit,Bovete,Boghvede,Bokhvete,Gandum hitam (buckwheat),M,-,M,M,-,-,DE,EN,EN,EN,0,1,0,0
304,🫚,Amaranth,Amaranth,Amaranto,Amaranto,371,0,8,7.00,1.50,65.30,1.70,0.01,13.60,6.70,Acar kembang kol,Amarant,Amarant,Amaranth,Amarant,Amaranth,M,-,M,M,-,-,DE,ET,EN,ET,0,1,0,0
305,NULL,Gerste (Graupen),Barley,Cevada,Cebada,354,0,8,2.30,0.50,73.50,0.80,0.01,12.50,17.30,Acar kale,Gerst (gort),Korn (korngryn,Byg (byggryn),Byggryn,Barli,M,-,F,F,-,-,DE,EN,EN,EN,0,1,0,0
306,NULL,Roggenmehl,Rye flour,Farinha de centeio,Harina de centeno,335,0,8,1.70,0.30,71.20,1.00,0.01,9.40,13.20,Acar pak choi,Roggebloem,Rågmjöl,Rugmel,Rugmel,Tepung rai,N,-,M,M,-,-,DE,EN,EN,EN,0,1,0,0
307,🍜,Udon-Nudeln,Udon noodles,Macarrão udon,Fideos udon,347,0,8,1.20,0.20,70.40,0.60,0.02,10.40,3.50,Acar bok choy,Udon-noedels,Udonnudlar,Udon-nudler,Udon-nudler,Mi udon,PL,-,M,M,-,-,DE,EN,EN,EN,0,1,0,0
308,🍜,Soba-Nudeln,Soba noodles,Macarrão soba,Fideos soba,336,0,8,1.40,0.30,68.80,0.90,0.02,12.00,3.70,Acar sawi,Soba-noedels,Sobanudlar,Soba-nudler,Soba-nudler,Mi soba,PL,-,F,F,-,-,DE,EN,EN,EN,0,1,0,0
309,🍜,Glasnudeln,Glass noodles,Macarrão de vidro,Fideos de cristal,351,0,8,0.10,0.02,86.00,0.20,0.03,0.20,0.60,Acar kubis brussels,Glasnoedels,Glasnudlar,Glasnudler,Glassnudler,Suhun,PL,-,M,M,-,-,DE,EN,EN,EN,0,1,0,0
310,NULL,Maisgrieß,Corn grits,Sêmola de milho,Sémola de maíz,362,0,8,3.90,0.60,76.90,0.70,0.01,8.10,7.30,Acar kubis savoy,Maïsgries,Majsgryn (Polenta,Majsgryn,Polenta,Kisar jagung,M,-,M,M,-,-,DE,EN,EN,EN,0,1,0,0
311,NULL,Kefir,Kefir,Kefir,Kéfir,60,0,3,3.30,2.10,4.80,4.80,0.10,3.50,0.00,Acar kubis merah,Kefir,Kefir,Kefir,Kefir,Kefir,M,-,M,M,-,-,DE,EN,EN,EN,0,1,0,0
312,🥛,Skyr,Skyr,Skyr,Skyr,60,0,3,0.20,0.10,3.60,3.60,0.12,11.00,0.00,Acar kubis putih,Skyr,Skyr,Skyr,Skyr,Skyr,M,-,M,M,-,-,DE,EN,EN,EN,0,1,0,0
313,🥛,Buttermilch,Buttermilk,Leitelho,Suero de mantequilla,40,0,3,0.80,0.50,4.80,4.80,0.10,3.40,0.00,Susu mentega,Karnemelk,Kärnmjölk,Kærnemælk,Kjernemelk,Susu mentega,F,-,F,M,-,-,DE,EN,EN,EN,1,0,0,1
314,NULL,Lammkotelett,Lamb chop,Costeleta de cordeiro,Chuleta de cordero,250,0,1,20.00,9.00,0.00,0.00,0.10,17.00,0.00,Kacang pinus,Lamskotelet,Lammkotlett,Lammesecotte,Lammekotelett,Kotelet kambing,M,-,M,M,-,-,DE,ET,EN,ET,0,1,0,0
315,NULL,Truthahnbrust,Turkey breast,Peito de peru,Pechuga de pavo,135,0,1,1.50,0.40,0.00,0.00,0.08,29.00,0.00,Kacang,Kalkoenborst,Kalkonbröst,Kalkunbryst,Kalkunbryst,Dada ayam belanda,M,-,M,M,-,-,DE,ET,ET,ET,0,1,0,0
316,NULL,Forelle,Trout,Truta,Trucha,119,0,6,3.50,0.70,0.00,0.00,0.10,20.50,0.00,Kacang macadamia,Forel,Öring / Forell,Ørred,Ørret,Ikan trout,M,-,F,F,-,-,DE,EN,EN,ET,0,1,0,0
317,NULL,Makrele,Mackerel,Cavala,Caballa,205,0,6,13.90,3.30,0.00,0.00,0.10,18.60,0.00,Ikan makarel,Makreel,Makrill,Makrel,Makrell,Ikan makarel,M,-,F,F,-,-,DE,EN,EN,EN,0,1,0,0
318,NULL,Hering,Herring,Arenque,Arenque,158,0,6,9.00,2.20,0.00,0.00,0.12,18.00,0.00,Ikan herring,Haring,Sill,Sild,Sild,Ikan haring,M,-,M,M,-,-,DE,EN,EN,EN,0,1,0,0
319,NULL,Haselnüsse,Hazelnuts,Avelãs,Avellanas,628,0,9,60.80,4.50,16.70,4.30,0.01,14.90,9.70,Kacang pistachio,Hazelnoten,Hasselnötter,Hasselnødder,Hasselnøtter,Kacang hazel,PL,-,F,M,-,-,PL,EN,EN,EN,0,1,0,0
320,NULL,Pistazien,Pistachios,Pistaches,Pistachos,562,0,9,45.40,5.60,27.50,7.70,0.01,20.20,10.30,Kacang pistachio,Pistachenoten,Pistagenötter,Pistacie,Pistasjnøtter,Pistachio,M,-,M,PL,-,-,PL,EN,EN,EN,0,1,0,0
321,NULL,Macadamianüsse,Macadamia nuts,Nozes de macadâmia,Nueces de macadamia,718,0,9,75.80,12.10,13.80,4.60,0.01,7.90,8.60,Kacang Brazil,Macadamianoten,Macadamianötter,Macadamianødder,Macadamianøtter,Kacang makadamia,PL,-,F,F,-,-,PL,EN,EN,EN,0,1,0,0
322,NULL,Paranüsse,Brazil nuts,Castanhas-do-pará,Nueces de Brasil,656,0,9,66.40,15.10,12.30,2.30,0.01,14.30,7.50,Kacang Brazil,Paranoten,Paranötter,Paranødder,Paranøtter,Kacang Brazil,PL,-,M,M,-,-,PL,EN,EN,EN,0,1,0,0
323,NULL,Pekannüsse,Pecans,Nozes-pecã,Nueces pecanas,691,0,9,72.00,6.20,13.90,3.90,0.00,9.20,9.60,Biji bunga matahari,Pecannoten,Pekannötter,Pekannødder,Pekannøtter,Kacang pekan,PL,-,F,M,-,-,PL,EN,EN,EN,0,1,0,0
324,NULL,Sonnenblumenkerne,Sunflower seeds,Sementes de girassol,Semillas de girasol,584,0,9,51.50,4.50,20.00,2.60,0.01,20.80,8.60,Biji labu,Zonnebloempitten,Solrosfrön,Solsikkekerner,Solsikkekjerner,Biji bunga matahari,PL,-,M,M,-,-,PL,EN,EN,EN,0,1,0,0
325,NULL,Leinsamen,Flaxseed,Linhaça,Linaza,534,0,9,42.20,3.70,28.90,1.60,0.02,18.30,27.30,Biji chia,Lijnzaad,Linfrön,Hørfrø,Linfrø,Biji rami,M,-,F,F,-,-,DE,EN,EN,EN,0,1,0,0
326,NULL,Sesam,Sesame seeds,Gergelim,Sésamo,573,0,9,49.70,7.00,23.40,0.30,0.03,17.70,11.80,Biji poppy,Sesam,Sesamfrön,Sesam,Sesam,Bijan,M,-,M,M,-,-,DE,EN,EN,EN,0,1,0,0
327,NULL,Mohn,Poppy seeds,Sementes de papoula,Semillas de amapola,525,0,9,41.60,4.50,28.10,2.90,0.01,18.00,19.50,Biji poppy,Maanzaad,Vallmofrön,Birkes,Valmuefrø,Biji popi,M,-,F,F,-,-,DE,EN,EN,EN,0,1,0,0
328,🍶,Sonnenblumenöl,Sunflower oil,Óleo de girassol,Aceite de girasol,884,0,7,100.00,10.30,0.00,0.00,0.00,0.00,0.00,Minyak bunga matahari,Zonnebloemolie,Solrosolja,Solsikkeolie,Solsikkeolje,Minyak bunga matahari,N,-,M,M,-,-,DE,EN,EN,EN,0,1,0,1
329,🍶,Rapsöl,Rapeseed oil,Óleo de colza,Aceite de colza,884,0,7,100.00,7.40,0.00,0.00,0.00,0.00,0.00,Minyak rapa,Raapzaadolie,Rapsolja,Rapsolie,Rapsolje,Minyak canola,N,-,M,M,-,-,DE,EN,EN,EN,0,1,0,1
330,🍶,Kokosöl,Coconut oil,Óleo de coco,Aceite de coco,892,0,7,100.00,86.50,0.00,0.00,0.00,0.00,0.00,Minyak kelapa,Kokosolie,Kokosolja,Kokosolie,Kokosolje,Minyak kelapa,N,-,M,M,-,-,DE,EN,EN,EN,0,1,0,1
331,🍶,Trüffelöl,Truffle oil,Óleo de trufa,Aceite de trufa,884,0,7,100.00,14.00,0.00,0.00,0.00,0.00,0.00,Minyak truffle,Truffelolie,Tryffelolja,Trøffelolie,Trøffelolje,Minyak trufel,N,-,M,M,-,-,DE,EN,EN,EN,0,1,0,1
332,NULL,Mayonnaise,Mayonnaise,Maionese,Mayonesa,680,0,7,75.00,11.00,1.00,1.00,1.50,1.00,0.00,Mayones,Mayonaise,Majonnäs,Mayonnaise,Majones,Mayonis,F,-,F,F,-,-,DE,EN,EN,EN,0,0,1,1
333,🍶,Worcestersauce,Worcestershire sauce,Molho Worcestershire,Salsa Worcestershire,78,0,7,0.10,0.00,19.00,15.00,2.40,0.80,0.00,Saus Worcestershire,Worcestersaus,Worcestershiresås,Worcestershiresauce,Worcestershiresaus,Sos Worcestershire,F,-,F,F,-,-,DE,EN,EN,EN,1,0,0,0
334,🍶,Teriyaki-Sauce,Teriyaki sauce,Molho teriyaki,Salsa teriyaki,89,0,7,0.00,0.00,21.00,19.00,5.80,5.70,0.50,Saus teriyaki,Teriyakisaus,Teriyakisås,Teriyakisauce,Teriyakisaus,Sos teriyaki,F,-,F,F,-,-,DE,EN,EN,EN,1,0,0,0
335,🍶,Fischsauce,Fish sauce,Molho de peixe,Salsa de pescado,35,0,7,0.00,0.00,3.60,0.60,24.00,5.60,0.00,Saus ikan,Vissaus,Fisksås,Fiskesauce,Fiskesaus,Sos ikan,F,-,F,F,-,-,DE,EN,EN,EN,1,0,0,0
336,🍶,Austernsauce,Oyster sauce,Molho de ostra,Salsa de ostras,51,0,7,0.00,0.00,12.00,6.00,6.20,1.40,0.30,Saus tiram,Oestersaus,Ostronsås,Østerssauce,Østerssaus,Sos tiram,F,-,F,F,-,-,DE,EN,EN,EN,1,0,0,0
337,🍶,BBQ-Sauce,BBQ sauce,Molho barbecue,Salsa barbacoa,172,0,7,0.30,0.00,40.00,33.00,2.80,1.20,1.10,Saus BBQ,BBQ-saus,BBQ-sås,BBQ-sauce,BBQ-saus,Sos BBQ,F,-,F,F,-,-,DE,EN,EN,EN,0,1,0,0
338,NULL,Sriracha,Sriracha,Sriracha,Sriracha,93,0,7,0.90,0.20,19.00,15.00,4.80,1.30,0.70,Sriracha,Sriracha,Sriracha,Sriracha,Sriracha,Sriracha,F,-,F,F,-,-,DE,EN,EN,EN,0,1,0,0
339,NULL,Tahini,Tahini,Tahine,Tahini,595,0,7,53.80,7.60,21.20,0.50,0.10,17.00,9.30,Tahini,Tahin,Tahini,Tahin,Tahini,Tahini,N,-,M,M,-,-,DE,EN,EN,EN,0,1,0,1
340,🍶,Erdnussöl,Peanut oil,Óleo de amendoim,Aceite de cacahuete,884,0,7,100.00,17.00,0.00,0.00,0.00,0.00,0.00,Minyak kacang,Pindaolie,Jordnötsolja,Jordnøddeolie,Peanøttolje,Minyak kacang,N,-,M,M,-,-,DE,EN,EN,EN,0,1,0,1
341,NULL,Hanfsamen,Hemp seeds,Sementes de cânhamo,Semillas de cáñamo,553,0,9,48.80,4.60,8.70,1.50,0.01,31.60,4.00,Biji rami hemp,Hennepzaad,Hampafrön,Hampefrø,Hampfrø,Biji hemp,PL,-,PL,PL,-,-,PL,PL,PL,PL,0,1,0,0
342,NULL,Kürbiskernmus,Pumpkin seed butter,Pasta de sementes de abóbora,Crema de semillas de calabaza,580,0,7,49.00,8.70,14.00,1.50,0.05,30.00,7.00,Pasta biji labu,Pompoenpitpasta,Pumpakärnssmör,Græskarkernepasta,Gresskarkjernesmør,Mentega biji labu,N,-,F,F,-,-,DE,ET,ET,ET,0,1,0,1
343,NULL,Mandelmus,Almond butter,Pasta de amêndoa,Crema de almendra,614,0,7,56.00,4.20,19.00,4.60,0.02,21.00,11.80,Pasta almond,Amandelpasta,Mandelsmör,Mandelpasta,Mandelsmør,Mentega badam,N,-,F,F,-,-,DE,ET,ET,ET,0,1,0,1
344,NULL,Cashewmus,Cashew butter,Pasta de caju,Crema de anacardo,587,0,7,49.00,8.70,27.00,5.90,0.03,18.00,3.30,Pasta kacang mete,Cashewpasta,Cashewsmör,Cashewpasta,Cashewsmør,Mentega gajus,N,-,F,F,-,-,DE,ET,ET,ET,0,1,0,1
345,NULL,Kokoszucker,Coconut sugar,Açúcar de coco,Azúcar de coco,375,0,7,0.00,0.00,93.00,89.00,0.09,1.10,0.00,Gula kelapa,Kokossuiker,Kokossocker,Kokossukker,Kokossukker,Gula kelapa,M,-,M,M,-,-,DE,EN,EN,EN,0,1,0,0
346,"🍝 ",Spaghetti,Spaghetti,Esparguete,Espaguetis,358,0,8,1.50,0.30,72.00,3.50,0.01,12.50,3.00,Spageti,Spaghetti,Spaghetti,Spaghetti,Spaghetti,Spageti,PL,-,PL,PL,-,-,PL,PL,PL,PL,0,1,0,0
347,"🍝 ",Penne,Penne,Penne,Penne,357,0,8,1.50,0.30,73.00,3.50,0.01,12.50,3.00,Penne,Penne,Penne,Penne,Penne,Penne,PL,-,PL,PL,-,-,PL,PL,PL,PL,0,1,0,0
348,"🍝 ",Tagliatelle,Tagliatelle,Tagliatelle,Tagliatelle,370,0,8,4.50,1.20,67.00,2.50,0.03,13.00,3.00,Tagliatelle,Tagliatelle,Tagliatelle,Tagliatelle,Tagliatelle,Tagliatelle,PL,-,PL,PL,-,-,PL,PL,PL,PL,0,1,0,0
349,"🍝 ",Lasagneplatten,Lasagna sheets,Placas de lasanha,Placas de lasaña,359,0,8,1.80,0.40,72.00,3.10,0.01,12.50,3.00,Lembaran lasagna,Lasagnebladen,Lasagneplattor,Lasagneplader,Lasagneplater,Kepingan lasagna,PL,-,PL,PL,-,-,PL,PL,PL,PL,0,1,0,0
350,NULL,Puderzucker,Powdered sugar,Açúcar em pó,Azúcar glas,389,0,7,0.00,0.00,99.80,99.80,0.01,0.00,0.00,Gula bubuk,Poedersuiker,Florsocker,Flormelis,Melis,Gula serbuk,M,-,M,M,-,-,DE,EN,EN,EN,0,1,0,0
351,NULL,Brauner Zucker,Brown sugar,Açúcar mascavo,Azúcar moreno,380,0,7,0.00,0.00,98.10,97.00,0.07,0.00,0.00,Gula perang,Bruine suiker,Farinsocker,Brun farin,Brunt sukker,Gula perang,M,-,M,M,-,-,DE,EN,EN,EN,0,1,0,0
352,NULL,Rohrzucker,Cane sugar,Açúcar de cana,Azúcar de caña,398,0,7,0.00,0.00,99.80,99.80,0.01,0.00,0.00,Gula tebu,Rietsuiker,Rörsocker,Rørsukker,Rørsukker,Gula tebu,M,-,M,M,-,-,DE,EN,EN,EN,0,1,0,0
353,NULL,Gelierzucker,Jam sugar,Açúcar gelificante,Azúcar para mermelada,390,0,7,0.00,0.00,97.00,97.00,0.05,0.00,0.50,Gula gel,Geleisuiker,Syltsocker,Syltesukker,Syltesukker,Gula jem,M,-,M,M,-,-,DE,EN,EN,EN,0,1,0,0
354,NULL,Hefe frisch,Fresh yeast,Fermento fresco,Levadura fresca,105,0,7,1.90,0.30,8.00,0.00,0.10,8.40,7.00,Ragi segar,Verse gist,Färsk jäst,Frisk gær,Fersk gjær,Yis segar,F,-,F,M,-,-,DE,EN,EN,EN,0,0,1,0
355,🍚,Jasminreis,Jasmine rice,Arroz jasmim,Arroz jazmín,356,0,8,0.60,0.20,80.00,0.10,0.01,6.70,1.00,Beras jasmine,Jasmijnrijst,Jasminris,Jasminris,Jasminris,Beras jasmine,M,-,M,M,-,-,DE,ET,ET,ET,0,1,0,0
356,🍚,Wildreis,Wild rice,Arroz selvagem,Arroz salvaje,357,0,8,1.10,0.20,75.00,1.20,0.02,14.70,6.20,Beras liar,Wilde rijst,Vildris,Vildris,Villris,Beras liar,M,-,M,M,-,-,DE,ET,ET,ET,0,1,0,0
357,🍚,Milchreis,Pudding rice,Arroz para pudim,Arroz para arroz con leche,358,0,8,0.90,0.20,79.00,0.10,0.01,6.50,1.20,Beras puding,Dessertrijst,Grötris,Grødris,Grøtris,Beras puding,M,-,M,M,-,-,DE,ET,ET,ET,0,1,0,0
358,🍚,Langkornreis,Long-grain rice,Arroz de grão longo,Arroz de grano largo,360,0,8,0.70,0.20,79.00,0.10,0.01,6.80,1.30,Beras panjang,Langkorrelrijst,Långkornigt ris,Langkornsris,Langkornet ris,Beras panjang,M,-,M,M,-,-,DE,ET,ET,ET,0,1,0,0
359,🍚,Rundkornreis,Short-grain rice,Arroz de grão curto,Arroz de grano corto,358,0,8,0.70,0.20,79.00,0.10,0.01,6.50,1.40,Beras bulat,Rondkorrelrijst,Rundkornigt ris,Rundkornsris,Rundkornet ris,Beras bulat,M,-,M,M,-,-,DE,ET,ET,ET,0,1,0,0
360,NULL,Semmelwürfel,Bread cubes,Cubos de pão,Dados de pan,350,0,8,4.50,0.80,64.00,5.00,1.10,11.00,4.20,Kubus roti,Broodblokjes,Brödtärningar,Brødtern,Brødterninger,Kiub roti,PL,-,PL,PL,-,-,PL,PL,PL,PL,0,1,0,0
361,NULL,Wraps,Wraps,Wraps,Wraps,314,0,8,7.80,2.20,52.00,4.40,1.20,8.10,3.20,Wrap,Wraps,Wraps,Wraps,Wraps,Wrap,PL,-,PL,PL,-,-,PL,PL,PL,PL,0,1,0,0
